name,set,number,type,rarity,image_url
Spinarak,M3,1,G Basic,Common,https://limitlesstcg.nyc3.cdn.digitaloceanspaces.com/tpc/M3/M3_1_R_JP_LG.png
Ariados,M3,2,G Stage 1,Common,https://limitlesstcg.nyc3.cdn.digitaloceanspaces.com/tpc/M3/M3_2_R_JP_LG.png
Shaymin,M3,3,G Basic,Uncommon,https://limitlesstcg.nyc3.cdn.digitaloceanspaces.com/tpc/M3/M3_3_R_JP_LG.png
Snivy,M3,4,G Basic,Common,https://limitlesstcg.nyc3.cdn.digitaloceanspaces.com/tpc/M3/M3_4_R_JP_LG.png
Servine,M3,5,G Stage 1,Common,https://limitlesstcg.nyc3.cdn.digitaloceanspaces.com/tpc/M3/M3_5_R_JP_LG.png
Serperior,M3,6,G Stage 2,Rare,https://limitlesstcg.nyc3.cdn.digitaloceanspaces.com/tpc/M3/M3_6_R_JP_LG.png
Scatterbug,M3,7,G Basic,Common,https://limitlesstcg.nyc3.cdn.digitaloceanspaces.com/tpc/M3/M3_7_R_JP_LG.png
Spewpa,M3,8,G Stage 1,Common,https://limitlesstcg.nyc3.cdn.digitaloceanspaces.com/tpc/M3/M3_8_R_JP_LG.png
Vivillon,M3,9,G Stage 2,Uncommon,https://limitlesstcg.nyc3.cdn.digitaloceanspaces.com/tpc/M3/M3_9_R_JP_LG.png
Rowlet,M3,10,G Basic,Common,https://limitlesstcg.nyc3.cdn.digitaloceanspaces.com/tpc/M3/M3_10_R_JP_LG.png
Dartrix,M3,11,G Stage 1,Common,https://limitlesstcg.nyc3.cdn.digitaloceanspaces.com/tpc/M3/M3_11_R_JP_LG.png
Decidueye ex,M3,12,G Stage 2,Double Rare,https://limitlesstcg.nyc3.cdn.digitaloceanspaces.com/tpc/M3/M3_12_R_JP_LG.png
Fletchinder,M3,13,R Stage 1,Common,https://limitlesstcg.nyc3.cdn.digitaloceanspaces.com/tpc/M3/M3_13_R_JP_LG.png
Talonflame,M3,14,R Stage 2,Uncommon,https://limitlesstcg.nyc3.cdn.digitaloceanspaces.com/tpc/M3/M3_14_R_JP_LG.png
Salandit,M3,15,R Basic,Common,https://limitlesstcg.nyc3.cdn.digitaloceanspaces.com/tpc/M3/M3_15_R_JP_LG.png
Salazzle ex,M3,16,R Stage 1,Double Rare,https://limitlesstcg.nyc3.cdn.digitaloceanspaces.com/tpc/M3/M3_16_R_JP_LG.png
Turtonator,M3,17,R Basic,Uncommon,https://limitlesstcg.nyc3.cdn.digitaloceanspaces.com/tpc/M3/M3_17_R_JP_LG.png
Seel,M3,18,W Basic,Common,https://limitlesstcg.nyc3.cdn.digitaloceanspaces.com/tpc/M3/M3_18_R_JP_LG.png
Dewgong,M3,19,W Stage 1,Rare,https://limitlesstcg.nyc3.cdn.digitaloceanspaces.com/tpc/M3/M3_19_R_JP_LG.png
Staryu,M3,20,W Basic,Common,https://limitlesstcg.nyc3.cdn.digitaloceanspaces.com/tpc/M3/M3_20_R_JP_LG.png
Mega Starmie ex,M3,21,W Stage 1,Double Rare,https://limitlesstcg.nyc3.cdn.digitaloceanspaces.com/tpc/M3/M3_21_R_JP_LG.png
Amaura,M3,22,W Stage 1,Common,https://limitlesstcg.nyc3.cdn.digitaloceanspaces.com/tpc/M3/M3_22_R_JP_LG.png
Aurorus,M3,23,W Stage 2,Uncommon,https://limitlesstcg.nyc3.cdn.digitaloceanspaces.com/tpc/M3/M3_23_R_JP_LG.png
Volcanion,M3,24,W Basic,Uncommon,https://limitlesstcg.nyc3.cdn.digitaloceanspaces.com/tpc/M3/M3_24_R_JP_LG.png
Shinx,M3,25,L Basic,Common,https://limitlesstcg.nyc3.cdn.digitaloceanspaces.com/tpc/M3/M3_25_R_JP_LG.png
Luxio,M3,26,L Stage 1,Uncommon,https://limitlesstcg.nyc3.cdn.digitaloceanspaces.com/tpc/M3/M3_26_R_JP_LG.png
Luxray,M3,27,L Stage 2,Rare,https://limitlesstcg.nyc3.cdn.digitaloceanspaces.com/tpc/M3/M3_27_R_JP_LG.png
Dedenne,M3,28,L Basic,Common,https://limitlesstcg.nyc3.cdn.digitaloceanspaces.com/tpc/M3/M3_28_R_JP_LG.png
Clefairy,M3,29,P Basic,Common,https://limitlesstcg.nyc3.cdn.digitaloceanspaces.com/tpc/M3/M3_29_R_JP_LG.png
Mega Clefable ex,M3,30,P Stage 1,Double Rare,https://limitlesstcg.nyc3.cdn.digitaloceanspaces.com/tpc/M3/M3_30_R_JP_LG.png
Mawile,M3,31,P Basic,Common,https://limitlesstcg.nyc3.cdn.digitaloceanspaces.com/tpc/M3/M3_31_R_JP_LG.png
Espurr,M3,32,P Basic,Common,https://limitlesstcg.nyc3.cdn.digitaloceanspaces.com/tpc/M3/M3_32_R_JP_LG.png
Meowstic,M3,33,P Stage 1,Uncommon,https://limitlesstcg.nyc3.cdn.digitaloceanspaces.com/tpc/M3/M3_33_R_JP_LG.png
Spritzee,M3,34,P Basic,Common,https://limitlesstcg.nyc3.cdn.digitaloceanspaces.com/tpc/M3/M3_34_R_JP_LG.png
Aromatisse,M3,35,P Stage 1,Uncommon,https://limitlesstcg.nyc3.cdn.digitaloceanspaces.com/tpc/M3/M3_35_R_JP_LG.png
Nosepass,M3,36,F Basic,Common,https://limitlesstcg.nyc3.cdn.digitaloceanspaces.com/tpc/M3/M3_36_R_JP_LG.png
Probopass,M3,37,F Stage 1,Common,https://limitlesstcg.nyc3.cdn.digitaloceanspaces.com/tpc/M3/M3_37_R_JP_LG.png
Hippopotas,M3,38,F Basic,Common,https://limitlesstcg.nyc3.cdn.digitaloceanspaces.com/tpc/M3/M3_38_R_JP_LG.png
Hippowdon,M3,39,F Stage 1,Uncommon,https://limitlesstcg.nyc3.cdn.digitaloceanspaces.com/tpc/M3/M3_39_R_JP_LG.png
Landorus,M3,40,F Basic,Rare,https://limitlesstcg.nyc3.cdn.digitaloceanspaces.com/tpc/M3/M3_40_R_JP_LG.png
Binacle,M3,41,F Basic,Common,https://limitlesstcg.nyc3.cdn.digitaloceanspaces.com/tpc/M3/M3_41_R_JP_LG.png
Barbaracle,M3,42,F Stage 1,Uncommon,https://limitlesstcg.nyc3.cdn.digitaloceanspaces.com/tpc/M3/M3_42_R_JP_LG.png
Tyrunt,M3,43,F Stage 1,Common,https://limitlesstcg.nyc3.cdn.digitaloceanspaces.com/tpc/M3/M3_43_R_JP_LG.png
Tyrantrum,M3,44,F Stage 2,Uncommon,https://limitlesstcg.nyc3.cdn.digitaloceanspaces.com/tpc/M3/M3_44_R_JP_LG.png
Hawlucha,M3,45,F Basic,Common,https://limitlesstcg.nyc3.cdn.digitaloceanspaces.com/tpc/M3/M3_45_R_JP_LG.png
Mega Zygarde ex,M3,46,F Basic,Double Rare,https://limitlesstcg.nyc3.cdn.digitaloceanspaces.com/tpc/M3/M3_46_R_JP_LG.png
Gastly,M3,47,D Basic,Common,https://limitlesstcg.nyc3.cdn.digitaloceanspaces.com/tpc/M3/M3_47_R_JP_LG.png
Haunter,M3,48,D Stage 1,Common,https://limitlesstcg.nyc3.cdn.digitaloceanspaces.com/tpc/M3/M3_48_R_JP_LG.png
Gengar,M3,49,D Stage 2,Uncommon,https://limitlesstcg.nyc3.cdn.digitaloceanspaces.com/tpc/M3/M3_49_R_JP_LG.png
Skorupi,M3,50,D Basic,Common,https://limitlesstcg.nyc3.cdn.digitaloceanspaces.com/tpc/M3/M3_50_R_JP_LG.png
Drapion,M3,51,D Stage 1,Uncommon,https://limitlesstcg.nyc3.cdn.digitaloceanspaces.com/tpc/M3/M3_51_R_JP_LG.png
Yveltal ex,M3,52,D Basic,Double Rare,https://limitlesstcg.nyc3.cdn.digitaloceanspaces.com/tpc/M3/M3_52_R_JP_LG.png
Chien-Pao,M3,53,D Basic,Rare,https://limitlesstcg.nyc3.cdn.digitaloceanspaces.com/tpc/M3/M3_53_R_JP_LG.png
Mega Skarmory ex,M3,54,M Basic,Double Rare,https://limitlesstcg.nyc3.cdn.digitaloceanspaces.com/tpc/M3/M3_54_R_JP_LG.png
Honedge,M3,55,M Basic,Common,https://limitlesstcg.nyc3.cdn.digitaloceanspaces.com/tpc/M3/M3_55_R_JP_LG.png
Doublade,M3,56,M Stage 1,Common,https://limitlesstcg.nyc3.cdn.digitaloceanspaces.com/tpc/M3/M3_56_R_JP_LG.png
Aegislash,M3,57,M Stage 2,Uncommon,https://limitlesstcg.nyc3.cdn.digitaloceanspaces.com/tpc/M3/M3_57_R_JP_LG.png
Klefki,M3,58,M Basic,Common,https://limitlesstcg.nyc3.cdn.digitaloceanspaces.com/tpc/M3/M3_58_R_JP_LG.png
Rattata,M3,59,C Basic,Common,https://limitlesstcg.nyc3.cdn.digitaloceanspaces.com/tpc/M3/M3_59_R_JP_LG.png
Raticate,M3,60,C Stage 1,Uncommon,https://limitlesstcg.nyc3.cdn.digitaloceanspaces.com/tpc/M3/M3_60_R_JP_LG.png
Meowth ex,M3,61,C Basic,Double Rare,https://limitlesstcg.nyc3.cdn.digitaloceanspaces.com/tpc/M3/M3_61_R_JP_LG.png
Snorlax,M3,62,C Basic,Common,https://limitlesstcg.nyc3.cdn.digitaloceanspaces.com/tpc/M3/M3_62_R_JP_LG.png
Bunnelby,M3,63,C Basic,Common,https://limitlesstcg.nyc3.cdn.digitaloceanspaces.com/tpc/M3/M3_63_R_JP_LG.png
Diggersby,M3,64,C Stage 1,Uncommon,https://limitlesstcg.nyc3.cdn.digitaloceanspaces.com/tpc/M3/M3_64_R_JP_LG.png
Fletchling,M3,65,C Basic,Common,https://limitlesstcg.nyc3.cdn.digitaloceanspaces.com/tpc/M3/M3_65_R_JP_LG.png
Furfrou,M3,66,C Basic,Common,https://limitlesstcg.nyc3.cdn.digitaloceanspaces.com/tpc/M3/M3_66_R_JP_LG.png
Energy Duster,M3,67,Item,Uncommon,https://limitlesstcg.nyc3.cdn.digitaloceanspaces.com/tpc/M3/M3_67_R_JP_LG.png
Antique Jaw Fossil,M3,68,Item,Common,https://limitlesstcg.nyc3.cdn.digitaloceanspaces.com/tpc/M3/M3_68_R_JP_LG.png
Antique Sail Fossil,M3,69,Item,Common,https://limitlesstcg.nyc3.cdn.digitaloceanspaces.com/tpc/M3/M3_69_R_JP_LG.png
Poké Pad,M3,70,Item,Uncommon,https://limitlesstcg.nyc3.cdn.digitaloceanspaces.com/tpc/M3/M3_70_R_JP_LG.png
Lumiose Galette,M3,71,Item,Uncommon,https://limitlesstcg.nyc3.cdn.digitaloceanspaces.com/tpc/M3/M3_71_R_JP_LG.png
Core Memory,M3,72,Tool,Uncommon,https://limitlesstcg.nyc3.cdn.digitaloceanspaces.com/tpc/M3/M3_72_R_JP_LG.png
Tarragon,M3,73,Supporter,Uncommon,https://limitlesstcg.nyc3.cdn.digitaloceanspaces.com/tpc/M3/M3_73_R_JP_LG.png
Naveen,M3,74,Supporter,Uncommon,https://limitlesstcg.nyc3.cdn.digitaloceanspaces.com/tpc/M3/M3_74_R_JP_LG.png
Rosa's Encouragement,M3,75,Supporter,Uncommon,https://limitlesstcg.nyc3.cdn.digitaloceanspaces.com/tpc/M3/M3_75_R_JP_LG.png
Jacinthe,M3,76,Supporter,Uncommon,https://limitlesstcg.nyc3.cdn.digitaloceanspaces.com/tpc/M3/M3_76_R_JP_LG.png
Lumiose City,M3,77,Stadium,Uncommon,https://limitlesstcg.nyc3.cdn.digitaloceanspaces.com/tpc/M3/M3_77_R_JP_LG.png
Growth Grass Energy,M3,78,Special Energy,Rare,https://limitlesstcg.nyc3.cdn.digitaloceanspaces.com/tpc/M3/M3_78_R_JP_LG.png
Telepath Psychic Energy,M3,79,Special Energy,Rare,https://limitlesstcg.nyc3.cdn.digitaloceanspaces.com/tpc/M3/M3_79_R_JP_LG.png
Rock Fighting Energy,M3,80,Special Energy,Rare,https://limitlesstcg.nyc3.cdn.digitaloceanspaces.com/tpc/M3/M3_80_R_JP_LG.png
Erika's Oddish,MC,1,G Basic,,https://limitlesstcg.nyc3.cdn.digitaloceanspaces.com/tpc/MC/MC_1_R_JP_LG.png
Erika's Gloom,MC,2,G Stage 1,,https://limitlesstcg.nyc3.cdn.digitaloceanspaces.com/tpc/MC/MC_2_R_JP_LG.png
Erika's Vileplume ex,MC,3,G Stage 2,,https://limitlesstcg.nyc3.cdn.digitaloceanspaces.com/tpc/MC/MC_3_R_JP_LG.png
Paras,MC,4,G Basic,,https://limitlesstcg.nyc3.cdn.digitaloceanspaces.com/tpc/MC/MC_4_R_JP_LG.png
Parasect,MC,5,G Stage 1,,https://limitlesstcg.nyc3.cdn.digitaloceanspaces.com/tpc/MC/MC_5_R_JP_LG.png
Erika's Bellsprout,MC,6,G Basic,,https://limitlesstcg.nyc3.cdn.digitaloceanspaces.com/tpc/MC/MC_6_R_JP_LG.png
Erika's Weepinbell,MC,7,G Stage 1,,https://limitlesstcg.nyc3.cdn.digitaloceanspaces.com/tpc/MC/MC_7_R_JP_LG.png
Erika's Victreebel,MC,8,G Stage 2,,https://limitlesstcg.nyc3.cdn.digitaloceanspaces.com/tpc/MC/MC_8_R_JP_LG.png
Exeggcute,MC,9,G Basic,,https://limitlesstcg.nyc3.cdn.digitaloceanspaces.com/tpc/MC/MC_9_R_JP_LG.png
Exeggcute,MC,10,G Basic,,https://limitlesstcg.nyc3.cdn.digitaloceanspaces.com/tpc/MC/MC_10_R_JP_LG.png
Exeggutor,MC,11,G Stage 1,,https://limitlesstcg.nyc3.cdn.digitaloceanspaces.com/tpc/MC/MC_11_R_JP_LG.png
Tangela,MC,12,G Basic,,https://limitlesstcg.nyc3.cdn.digitaloceanspaces.com/tpc/MC/MC_12_R_JP_LG.png
Tangrowth,MC,13,G Stage 1,,https://limitlesstcg.nyc3.cdn.digitaloceanspaces.com/tpc/MC/MC_13_R_JP_LG.png
Erika's Tangela,MC,14,G Basic,,https://limitlesstcg.nyc3.cdn.digitaloceanspaces.com/tpc/MC/MC_14_R_JP_LG.png
Scyther,MC,15,G Basic,,https://limitlesstcg.nyc3.cdn.digitaloceanspaces.com/tpc/MC/MC_15_R_JP_LG.png
Chikorita,MC,16,G Basic,,https://limitlesstcg.nyc3.cdn.digitaloceanspaces.com/tpc/MC/MC_16_R_JP_LG.png
Bayleef,MC,17,G Stage 1,,https://limitlesstcg.nyc3.cdn.digitaloceanspaces.com/tpc/MC/MC_17_R_JP_LG.png
Mega Meganium ex,MC,18,G Stage 2,,https://limitlesstcg.nyc3.cdn.digitaloceanspaces.com/tpc/MC/MC_18_R_JP_LG.png
Ledyba,MC,19,G Basic,,https://limitlesstcg.nyc3.cdn.digitaloceanspaces.com/tpc/MC/MC_19_R_JP_LG.png
Ledian,MC,20,G Stage 1,,https://limitlesstcg.nyc3.cdn.digitaloceanspaces.com/tpc/MC/MC_20_R_JP_LG.png
Yanma,MC,21,G Basic,,https://limitlesstcg.nyc3.cdn.digitaloceanspaces.com/tpc/MC/MC_21_R_JP_LG.png
Yanmega ex,MC,22,G Stage 1,,https://limitlesstcg.nyc3.cdn.digitaloceanspaces.com/tpc/MC/MC_22_R_JP_LG.png
Shuckle,MC,23,G Basic,,https://limitlesstcg.nyc3.cdn.digitaloceanspaces.com/tpc/MC/MC_23_R_JP_LG.png
Heracross,MC,24,G Basic,,https://limitlesstcg.nyc3.cdn.digitaloceanspaces.com/tpc/MC/MC_24_R_JP_LG.png
Celebi,MC,25,G Basic,,https://limitlesstcg.nyc3.cdn.digitaloceanspaces.com/tpc/MC/MC_25_R_JP_LG.png
Shroomish,MC,26,G Basic,,https://limitlesstcg.nyc3.cdn.digitaloceanspaces.com/tpc/MC/MC_26_R_JP_LG.png
Shroomish,MC,27,G Basic,,https://limitlesstcg.nyc3.cdn.digitaloceanspaces.com/tpc/MC/MC_27_R_JP_LG.png
Breloom,MC,28,G Stage 1,,https://limitlesstcg.nyc3.cdn.digitaloceanspaces.com/tpc/MC/MC_28_R_JP_LG.png
Breloom,MC,29,G Stage 1,,https://limitlesstcg.nyc3.cdn.digitaloceanspaces.com/tpc/MC/MC_29_R_JP_LG.png
Roselia,MC,30,G Basic,,https://limitlesstcg.nyc3.cdn.digitaloceanspaces.com/tpc/MC/MC_30_R_JP_LG.png
Roserade,MC,31,G Stage 1,,https://limitlesstcg.nyc3.cdn.digitaloceanspaces.com/tpc/MC/MC_31_R_JP_LG.png
Cynthia's Roselia,MC,32,G Basic,,https://limitlesstcg.nyc3.cdn.digitaloceanspaces.com/tpc/MC/MC_32_R_JP_LG.png
Cynthia's Roserade,MC,33,G Stage 1,,https://limitlesstcg.nyc3.cdn.digitaloceanspaces.com/tpc/MC/MC_33_R_JP_LG.png
Turtwig,MC,34,G Basic,,https://limitlesstcg.nyc3.cdn.digitaloceanspaces.com/tpc/MC/MC_34_R_JP_LG.png
Grotle,MC,35,G Stage 1,,https://limitlesstcg.nyc3.cdn.digitaloceanspaces.com/tpc/MC/MC_35_R_JP_LG.png
Torterra ex,MC,36,G Stage 2,,https://limitlesstcg.nyc3.cdn.digitaloceanspaces.com/tpc/MC/MC_36_R_JP_LG.png
Leafeon,MC,37,G Stage 1,,https://limitlesstcg.nyc3.cdn.digitaloceanspaces.com/tpc/MC/MC_37_R_JP_LG.png
Leafeon ex,MC,38,G Stage 1,,https://limitlesstcg.nyc3.cdn.digitaloceanspaces.com/tpc/MC/MC_38_R_JP_LG.png
Shaymin,MC,39,G Basic,,https://limitlesstcg.nyc3.cdn.digitaloceanspaces.com/tpc/MC/MC_39_R_JP_LG.png
Snivy,MC,40,G Basic,,https://limitlesstcg.nyc3.cdn.digitaloceanspaces.com/tpc/MC/MC_40_R_JP_LG.png
Servine,MC,41,G Stage 1,,https://limitlesstcg.nyc3.cdn.digitaloceanspaces.com/tpc/MC/MC_41_R_JP_LG.png
Serperior ex,MC,42,G Stage 2,,https://limitlesstcg.nyc3.cdn.digitaloceanspaces.com/tpc/MC/MC_42_R_JP_LG.png
Cottonee,MC,43,G Basic,,https://limitlesstcg.nyc3.cdn.digitaloceanspaces.com/tpc/MC/MC_43_R_JP_LG.png
Whimsicott ex,MC,44,G Stage 1,,https://limitlesstcg.nyc3.cdn.digitaloceanspaces.com/tpc/MC/MC_44_R_JP_LG.png
Dwebble,MC,45,G Basic,,https://limitlesstcg.nyc3.cdn.digitaloceanspaces.com/tpc/MC/MC_45_R_JP_LG.png
Crustle,MC,46,G Stage 1,,https://limitlesstcg.nyc3.cdn.digitaloceanspaces.com/tpc/MC/MC_46_R_JP_LG.png
Karrablast,MC,47,G Basic,,https://limitlesstcg.nyc3.cdn.digitaloceanspaces.com/tpc/MC/MC_47_R_JP_LG.png
Foongus,MC,48,G Basic,,https://limitlesstcg.nyc3.cdn.digitaloceanspaces.com/tpc/MC/MC_48_R_JP_LG.png
Amoonguss,MC,49,G Stage 1,,https://limitlesstcg.nyc3.cdn.digitaloceanspaces.com/tpc/MC/MC_49_R_JP_LG.png
Galvantula,MC,50,G Stage 1,,https://limitlesstcg.nyc3.cdn.digitaloceanspaces.com/tpc/MC/MC_50_R_JP_LG.png
Durant,MC,51,G Basic,,https://limitlesstcg.nyc3.cdn.digitaloceanspaces.com/tpc/MC/MC_51_R_JP_LG.png
Durant ex,MC,52,G Basic,,https://limitlesstcg.nyc3.cdn.digitaloceanspaces.com/tpc/MC/MC_52_R_JP_LG.png
Virizion,MC,53,G Basic,,https://limitlesstcg.nyc3.cdn.digitaloceanspaces.com/tpc/MC/MC_53_R_JP_LG.png
Virizion,MC,54,G Basic,,https://limitlesstcg.nyc3.cdn.digitaloceanspaces.com/tpc/MC/MC_54_R_JP_LG.png
Phantump,MC,55,G Basic,,https://limitlesstcg.nyc3.cdn.digitaloceanspaces.com/tpc/MC/MC_55_R_JP_LG.png
Trevenant,MC,56,G Stage 1,,https://limitlesstcg.nyc3.cdn.digitaloceanspaces.com/tpc/MC/MC_56_R_JP_LG.png
Grubbin,MC,57,G Basic,,https://limitlesstcg.nyc3.cdn.digitaloceanspaces.com/tpc/MC/MC_57_R_JP_LG.png
Morelull,MC,58,G Basic,,https://limitlesstcg.nyc3.cdn.digitaloceanspaces.com/tpc/MC/MC_58_R_JP_LG.png
Shiinotic,MC,59,G Stage 1,,https://limitlesstcg.nyc3.cdn.digitaloceanspaces.com/tpc/MC/MC_59_R_JP_LG.png
Dhelmise,MC,60,G Basic,,https://limitlesstcg.nyc3.cdn.digitaloceanspaces.com/tpc/MC/MC_60_R_JP_LG.png
Tapu Bulu,MC,61,G Basic,,https://limitlesstcg.nyc3.cdn.digitaloceanspaces.com/tpc/MC/MC_61_R_JP_LG.png
Applin,MC,62,G Basic,,https://limitlesstcg.nyc3.cdn.digitaloceanspaces.com/tpc/MC/MC_62_R_JP_LG.png
Dipplin,MC,63,G Stage 1,,https://limitlesstcg.nyc3.cdn.digitaloceanspaces.com/tpc/MC/MC_63_R_JP_LG.png
Hydrapple ex,MC,64,G Stage 2,,https://limitlesstcg.nyc3.cdn.digitaloceanspaces.com/tpc/MC/MC_64_R_JP_LG.png
Sprigatito,MC,65,G Basic,,https://limitlesstcg.nyc3.cdn.digitaloceanspaces.com/tpc/MC/MC_65_R_JP_LG.png
Floragato,MC,66,G Stage 1,,https://limitlesstcg.nyc3.cdn.digitaloceanspaces.com/tpc/MC/MC_66_R_JP_LG.png
Meowscarada,MC,67,G Stage 2,,https://limitlesstcg.nyc3.cdn.digitaloceanspaces.com/tpc/MC/MC_67_R_JP_LG.png
Sprigatito ex,MC,68,G Basic,,https://limitlesstcg.nyc3.cdn.digitaloceanspaces.com/tpc/MC/MC_68_R_JP_LG.png
Smoliv,MC,69,G Basic,,https://limitlesstcg.nyc3.cdn.digitaloceanspaces.com/tpc/MC/MC_69_R_JP_LG.png
Dolliv,MC,70,G Stage 1,,https://limitlesstcg.nyc3.cdn.digitaloceanspaces.com/tpc/MC/MC_70_R_JP_LG.png
Arboliva ex,MC,71,G Stage 2,,https://limitlesstcg.nyc3.cdn.digitaloceanspaces.com/tpc/MC/MC_71_R_JP_LG.png
Bramblin,MC,72,G Basic,,https://limitlesstcg.nyc3.cdn.digitaloceanspaces.com/tpc/MC/MC_72_R_JP_LG.png
Brambleghast,MC,73,G Stage 1,,https://limitlesstcg.nyc3.cdn.digitaloceanspaces.com/tpc/MC/MC_73_R_JP_LG.png
Toedscool,MC,74,G Basic,,https://limitlesstcg.nyc3.cdn.digitaloceanspaces.com/tpc/MC/MC_74_R_JP_LG.png
Toedscruel,MC,75,G Stage 1,,https://limitlesstcg.nyc3.cdn.digitaloceanspaces.com/tpc/MC/MC_75_R_JP_LG.png
Capsakid,MC,76,G Basic,,https://limitlesstcg.nyc3.cdn.digitaloceanspaces.com/tpc/MC/MC_76_R_JP_LG.png
Iron Leaves ex,MC,77,G Basic,,https://limitlesstcg.nyc3.cdn.digitaloceanspaces.com/tpc/MC/MC_77_R_JP_LG.png
Poltchageist,MC,78,G Basic,,https://limitlesstcg.nyc3.cdn.digitaloceanspaces.com/tpc/MC/MC_78_R_JP_LG.png
Sinistcha ex,MC,79,G Stage 1,,https://limitlesstcg.nyc3.cdn.digitaloceanspaces.com/tpc/MC/MC_79_R_JP_LG.png
Teal Mask Ogerpon,MC,80,G Basic,,https://limitlesstcg.nyc3.cdn.digitaloceanspaces.com/tpc/MC/MC_80_R_JP_LG.png
Teal Mask Ogerpon,MC,81,G Basic,,https://limitlesstcg.nyc3.cdn.digitaloceanspaces.com/tpc/MC/MC_81_R_JP_LG.png
Teal Mask Ogerpon ex,MC,82,G Basic,,https://limitlesstcg.nyc3.cdn.digitaloceanspaces.com/tpc/MC/MC_82_R_JP_LG.png
Charmander,MC,83,R Basic,,https://limitlesstcg.nyc3.cdn.digitaloceanspaces.com/tpc/MC/MC_83_R_JP_LG.png
Charmeleon,MC,84,R Stage 1,,https://limitlesstcg.nyc3.cdn.digitaloceanspaces.com/tpc/MC/MC_84_R_JP_LG.png
Mega Charizard Y ex,MC,85,R Stage 2,,https://limitlesstcg.nyc3.cdn.digitaloceanspaces.com/tpc/MC/MC_85_R_JP_LG.png
Ponyta,MC,86,R Basic,,https://limitlesstcg.nyc3.cdn.digitaloceanspaces.com/tpc/MC/MC_86_R_JP_LG.png
Ponyta,MC,87,R Basic,,https://limitlesstcg.nyc3.cdn.digitaloceanspaces.com/tpc/MC/MC_87_R_JP_LG.png
Rapidash,MC,88,R Stage 1,,https://limitlesstcg.nyc3.cdn.digitaloceanspaces.com/tpc/MC/MC_88_R_JP_LG.png
Rapidash,MC,89,R Stage 1,,https://limitlesstcg.nyc3.cdn.digitaloceanspaces.com/tpc/MC/MC_89_R_JP_LG.png
Rapidash,MC,90,R Stage 1,,https://limitlesstcg.nyc3.cdn.digitaloceanspaces.com/tpc/MC/MC_90_R_JP_LG.png
Magmar,MC,91,R Basic,,https://limitlesstcg.nyc3.cdn.digitaloceanspaces.com/tpc/MC/MC_91_R_JP_LG.png
Magmortar,MC,92,R Stage 1,,https://limitlesstcg.nyc3.cdn.digitaloceanspaces.com/tpc/MC/MC_92_R_JP_LG.png
Paldean Tauros,MC,93,R Basic,,https://limitlesstcg.nyc3.cdn.digitaloceanspaces.com/tpc/MC/MC_93_R_JP_LG.png
Flareon ex,MC,94,R Stage 1,,https://limitlesstcg.nyc3.cdn.digitaloceanspaces.com/tpc/MC/MC_94_R_JP_LG.png
Slugma,MC,95,R Basic,,https://limitlesstcg.nyc3.cdn.digitaloceanspaces.com/tpc/MC/MC_95_R_JP_LG.png
Magcargo ex,MC,96,R Stage 1,,https://limitlesstcg.nyc3.cdn.digitaloceanspaces.com/tpc/MC/MC_96_R_JP_LG.png
Houndour,MC,97,R Basic,,https://limitlesstcg.nyc3.cdn.digitaloceanspaces.com/tpc/MC/MC_97_R_JP_LG.png
Houndoom,MC,98,R Stage 1,,https://limitlesstcg.nyc3.cdn.digitaloceanspaces.com/tpc/MC/MC_98_R_JP_LG.png
Team Rocket's Houndour,MC,99,R Basic,,https://limitlesstcg.nyc3.cdn.digitaloceanspaces.com/tpc/MC/MC_99_R_JP_LG.png
Team Rocket's Houndoom,MC,100,R Stage 1,,https://limitlesstcg.nyc3.cdn.digitaloceanspaces.com/tpc/MC/MC_100_R_JP_LG.png
Torkoal,MC,101,R Basic,,https://limitlesstcg.nyc3.cdn.digitaloceanspaces.com/tpc/MC/MC_101_R_JP_LG.png
Castform Sunny Form,MC,102,R Basic,,https://limitlesstcg.nyc3.cdn.digitaloceanspaces.com/tpc/MC/MC_102_R_JP_LG.png
Chimchar,MC,103,R Basic,,https://limitlesstcg.nyc3.cdn.digitaloceanspaces.com/tpc/MC/MC_103_R_JP_LG.png
Monferno,MC,104,R Stage 1,,https://limitlesstcg.nyc3.cdn.digitaloceanspaces.com/tpc/MC/MC_104_R_JP_LG.png
Infernape,MC,105,R Stage 2,,https://limitlesstcg.nyc3.cdn.digitaloceanspaces.com/tpc/MC/MC_105_R_JP_LG.png
Victini,MC,106,R Basic,,https://limitlesstcg.nyc3.cdn.digitaloceanspaces.com/tpc/MC/MC_106_R_JP_LG.png
Victini,MC,107,R Basic,,https://limitlesstcg.nyc3.cdn.digitaloceanspaces.com/tpc/MC/MC_107_R_JP_LG.png
Tepig,MC,108,R Basic,,https://limitlesstcg.nyc3.cdn.digitaloceanspaces.com/tpc/MC/MC_108_R_JP_LG.png
Tepig,MC,109,R Basic,,https://limitlesstcg.nyc3.cdn.digitaloceanspaces.com/tpc/MC/MC_109_R_JP_LG.png
Pignite,MC,110,R Stage 1,,https://limitlesstcg.nyc3.cdn.digitaloceanspaces.com/tpc/MC/MC_110_R_JP_LG.png
Pignite,MC,111,R Stage 1,,https://limitlesstcg.nyc3.cdn.digitaloceanspaces.com/tpc/MC/MC_111_R_JP_LG.png
Emboar,MC,112,R Stage 2,,https://limitlesstcg.nyc3.cdn.digitaloceanspaces.com/tpc/MC/MC_112_R_JP_LG.png
Mega Emboar ex,MC,113,R Stage 2,,https://limitlesstcg.nyc3.cdn.digitaloceanspaces.com/tpc/MC/MC_113_R_JP_LG.png
Pansear,MC,114,R Basic,,https://limitlesstcg.nyc3.cdn.digitaloceanspaces.com/tpc/MC/MC_114_R_JP_LG.png
Simisear,MC,115,R Stage 1,,https://limitlesstcg.nyc3.cdn.digitaloceanspaces.com/tpc/MC/MC_115_R_JP_LG.png
Darumaka,MC,116,R Basic,,https://limitlesstcg.nyc3.cdn.digitaloceanspaces.com/tpc/MC/MC_116_R_JP_LG.png
Darmanitan,MC,117,R Stage 1,,https://limitlesstcg.nyc3.cdn.digitaloceanspaces.com/tpc/MC/MC_117_R_JP_LG.png
N's Darumaka,MC,118,R Basic,,https://limitlesstcg.nyc3.cdn.digitaloceanspaces.com/tpc/MC/MC_118_R_JP_LG.png
N's Darmanitan,MC,119,R Stage 1,,https://limitlesstcg.nyc3.cdn.digitaloceanspaces.com/tpc/MC/MC_119_R_JP_LG.png
Heatmor,MC,120,R Basic,,https://limitlesstcg.nyc3.cdn.digitaloceanspaces.com/tpc/MC/MC_120_R_JP_LG.png
Larvesta,MC,121,R Basic,,https://limitlesstcg.nyc3.cdn.digitaloceanspaces.com/tpc/MC/MC_121_R_JP_LG.png
Volcarona,MC,122,R Stage 1,,https://limitlesstcg.nyc3.cdn.digitaloceanspaces.com/tpc/MC/MC_122_R_JP_LG.png
Volcarona,MC,123,R Stage 1,,https://limitlesstcg.nyc3.cdn.digitaloceanspaces.com/tpc/MC/MC_123_R_JP_LG.png
Volcarona,MC,124,R Stage 1,,https://limitlesstcg.nyc3.cdn.digitaloceanspaces.com/tpc/MC/MC_124_R_JP_LG.png
Reshiram,MC,125,R Basic,,https://limitlesstcg.nyc3.cdn.digitaloceanspaces.com/tpc/MC/MC_125_R_JP_LG.png
Reshiram ex,MC,126,R Basic,,https://limitlesstcg.nyc3.cdn.digitaloceanspaces.com/tpc/MC/MC_126_R_JP_LG.png
Litleo,MC,127,R Basic,,https://limitlesstcg.nyc3.cdn.digitaloceanspaces.com/tpc/MC/MC_127_R_JP_LG.png
Pyroar,MC,128,R Stage 1,,https://limitlesstcg.nyc3.cdn.digitaloceanspaces.com/tpc/MC/MC_128_R_JP_LG.png
Volcanion ex,MC,129,R Basic,,https://limitlesstcg.nyc3.cdn.digitaloceanspaces.com/tpc/MC/MC_129_R_JP_LG.png
Litten,MC,130,R Basic,,https://limitlesstcg.nyc3.cdn.digitaloceanspaces.com/tpc/MC/MC_130_R_JP_LG.png
Torracat,MC,131,R Stage 1,,https://limitlesstcg.nyc3.cdn.digitaloceanspaces.com/tpc/MC/MC_131_R_JP_LG.png
Incineroar ex,MC,132,R Stage 2,,https://limitlesstcg.nyc3.cdn.digitaloceanspaces.com/tpc/MC/MC_132_R_JP_LG.png
Oricorio,MC,133,R Basic,,https://limitlesstcg.nyc3.cdn.digitaloceanspaces.com/tpc/MC/MC_133_R_JP_LG.png
Salandit,MC,134,R Basic,,https://limitlesstcg.nyc3.cdn.digitaloceanspaces.com/tpc/MC/MC_134_R_JP_LG.png
Salazzle,MC,135,R Stage 1,,https://limitlesstcg.nyc3.cdn.digitaloceanspaces.com/tpc/MC/MC_135_R_JP_LG.png
Turtonator,MC,136,R Basic,,https://limitlesstcg.nyc3.cdn.digitaloceanspaces.com/tpc/MC/MC_136_R_JP_LG.png
Scorbunny,MC,137,R Basic,,https://limitlesstcg.nyc3.cdn.digitaloceanspaces.com/tpc/MC/MC_137_R_JP_LG.png
Raboot,MC,138,R Stage 1,,https://limitlesstcg.nyc3.cdn.digitaloceanspaces.com/tpc/MC/MC_138_R_JP_LG.png
Cinderace ex,MC,139,R Stage 2,,https://limitlesstcg.nyc3.cdn.digitaloceanspaces.com/tpc/MC/MC_139_R_JP_LG.png
Sizzlipede,MC,140,R Basic,,https://limitlesstcg.nyc3.cdn.digitaloceanspaces.com/tpc/MC/MC_140_R_JP_LG.png
Centiskorch,MC,141,R Stage 1,,https://limitlesstcg.nyc3.cdn.digitaloceanspaces.com/tpc/MC/MC_141_R_JP_LG.png
Fuecoco,MC,142,R Basic,,https://limitlesstcg.nyc3.cdn.digitaloceanspaces.com/tpc/MC/MC_142_R_JP_LG.png
Crocalor,MC,143,R Stage 1,,https://limitlesstcg.nyc3.cdn.digitaloceanspaces.com/tpc/MC/MC_143_R_JP_LG.png
Skeledirge,MC,144,R Stage 2,,https://limitlesstcg.nyc3.cdn.digitaloceanspaces.com/tpc/MC/MC_144_R_JP_LG.png
Charcadet,MC,145,R Basic,,https://limitlesstcg.nyc3.cdn.digitaloceanspaces.com/tpc/MC/MC_145_R_JP_LG.png
Armarouge ex,MC,146,R Stage 1,,https://limitlesstcg.nyc3.cdn.digitaloceanspaces.com/tpc/MC/MC_146_R_JP_LG.png
Scovillain ex,MC,147,R Stage 1,,https://limitlesstcg.nyc3.cdn.digitaloceanspaces.com/tpc/MC/MC_147_R_JP_LG.png
Hearthflame Mask Ogerpon,MC,148,R Basic,,https://limitlesstcg.nyc3.cdn.digitaloceanspaces.com/tpc/MC/MC_148_R_JP_LG.png
Hearthflame Mask Ogerpon ex,MC,149,R Basic,,https://limitlesstcg.nyc3.cdn.digitaloceanspaces.com/tpc/MC/MC_149_R_JP_LG.png
Gouging Fire,MC,150,R Basic,,https://limitlesstcg.nyc3.cdn.digitaloceanspaces.com/tpc/MC/MC_150_R_JP_LG.png
Gouging Fire ex,MC,151,R Basic,,https://limitlesstcg.nyc3.cdn.digitaloceanspaces.com/tpc/MC/MC_151_R_JP_LG.png
Horsea,MC,152,W Basic,,https://limitlesstcg.nyc3.cdn.digitaloceanspaces.com/tpc/MC/MC_152_R_JP_LG.png
Seadra,MC,153,W Stage 1,,https://limitlesstcg.nyc3.cdn.digitaloceanspaces.com/tpc/MC/MC_153_R_JP_LG.png
Kingdra ex,MC,154,W Stage 2,,https://limitlesstcg.nyc3.cdn.digitaloceanspaces.com/tpc/MC/MC_154_R_JP_LG.png
Misty's Staryu,MC,155,W Basic,,https://limitlesstcg.nyc3.cdn.digitaloceanspaces.com/tpc/MC/MC_155_R_JP_LG.png
Misty's Starmie,MC,156,W Stage 1,,https://limitlesstcg.nyc3.cdn.digitaloceanspaces.com/tpc/MC/MC_156_R_JP_LG.png
Misty's Magikarp,MC,157,W Basic,,https://limitlesstcg.nyc3.cdn.digitaloceanspaces.com/tpc/MC/MC_157_R_JP_LG.png
Misty's Gyarados,MC,158,W Stage 1,,https://limitlesstcg.nyc3.cdn.digitaloceanspaces.com/tpc/MC/MC_158_R_JP_LG.png
Lapras,MC,159,W Basic,,https://limitlesstcg.nyc3.cdn.digitaloceanspaces.com/tpc/MC/MC_159_R_JP_LG.png
Misty's Lapras,MC,160,W Basic,,https://limitlesstcg.nyc3.cdn.digitaloceanspaces.com/tpc/MC/MC_160_R_JP_LG.png
Vaporeon ex,MC,161,W Stage 1,,https://limitlesstcg.nyc3.cdn.digitaloceanspaces.com/tpc/MC/MC_161_R_JP_LG.png
Glaceon ex,MC,162,W Stage 1,,https://limitlesstcg.nyc3.cdn.digitaloceanspaces.com/tpc/MC/MC_162_R_JP_LG.png
Articuno,MC,163,W Basic,,https://limitlesstcg.nyc3.cdn.digitaloceanspaces.com/tpc/MC/MC_163_R_JP_LG.png
Totodile,MC,164,W Basic,,https://limitlesstcg.nyc3.cdn.digitaloceanspaces.com/tpc/MC/MC_164_R_JP_LG.png
Totodile,MC,165,W Basic,,https://limitlesstcg.nyc3.cdn.digitaloceanspaces.com/tpc/MC/MC_165_R_JP_LG.png
Croconaw,MC,166,W Stage 1,,https://limitlesstcg.nyc3.cdn.digitaloceanspaces.com/tpc/MC/MC_166_R_JP_LG.png
Croconaw,MC,167,W Stage 1,,https://limitlesstcg.nyc3.cdn.digitaloceanspaces.com/tpc/MC/MC_167_R_JP_LG.png
Feraligatr,MC,168,W Stage 2,,https://limitlesstcg.nyc3.cdn.digitaloceanspaces.com/tpc/MC/MC_168_R_JP_LG.png
Mega Feraligatr ex,MC,169,W Stage 2,,https://limitlesstcg.nyc3.cdn.digitaloceanspaces.com/tpc/MC/MC_169_R_JP_LG.png
Sneasel,MC,170,W Basic,,https://limitlesstcg.nyc3.cdn.digitaloceanspaces.com/tpc/MC/MC_170_R_JP_LG.png
Weavile,MC,171,W Stage 1,,https://limitlesstcg.nyc3.cdn.digitaloceanspaces.com/tpc/MC/MC_171_R_JP_LG.png
Mantine,MC,172,W Basic,,https://limitlesstcg.nyc3.cdn.digitaloceanspaces.com/tpc/MC/MC_172_R_JP_LG.png
Mantine,MC,173,W Basic,,https://limitlesstcg.nyc3.cdn.digitaloceanspaces.com/tpc/MC/MC_173_R_JP_LG.png
Suicune,MC,174,W Basic,,https://limitlesstcg.nyc3.cdn.digitaloceanspaces.com/tpc/MC/MC_174_R_JP_LG.png
Lotad,MC,175,W Basic,,https://limitlesstcg.nyc3.cdn.digitaloceanspaces.com/tpc/MC/MC_175_R_JP_LG.png
Lombre,MC,176,W Stage 1,,https://limitlesstcg.nyc3.cdn.digitaloceanspaces.com/tpc/MC/MC_176_R_JP_LG.png
Ludicolo,MC,177,W Stage 2,,https://limitlesstcg.nyc3.cdn.digitaloceanspaces.com/tpc/MC/MC_177_R_JP_LG.png
Carvanha,MC,178,W Basic,,https://limitlesstcg.nyc3.cdn.digitaloceanspaces.com/tpc/MC/MC_178_R_JP_LG.png
Sharpedo,MC,179,W Stage 1,,https://limitlesstcg.nyc3.cdn.digitaloceanspaces.com/tpc/MC/MC_179_R_JP_LG.png
Wailmer,MC,180,W Basic,,https://limitlesstcg.nyc3.cdn.digitaloceanspaces.com/tpc/MC/MC_180_R_JP_LG.png
Wailord,MC,181,W Stage 1,,https://limitlesstcg.nyc3.cdn.digitaloceanspaces.com/tpc/MC/MC_181_R_JP_LG.png
Corphish,MC,182,W Basic,,https://limitlesstcg.nyc3.cdn.digitaloceanspaces.com/tpc/MC/MC_182_R_JP_LG.png
Crawdaunt,MC,183,W Stage 1,,https://limitlesstcg.nyc3.cdn.digitaloceanspaces.com/tpc/MC/MC_183_R_JP_LG.png
Feebas,MC,184,W Basic,,https://limitlesstcg.nyc3.cdn.digitaloceanspaces.com/tpc/MC/MC_184_R_JP_LG.png
Milotic ex,MC,185,W Stage 1,,https://limitlesstcg.nyc3.cdn.digitaloceanspaces.com/tpc/MC/MC_185_R_JP_LG.png
Snorunt,MC,186,W Basic,,https://limitlesstcg.nyc3.cdn.digitaloceanspaces.com/tpc/MC/MC_186_R_JP_LG.png
Glalie,MC,187,W Stage 1,,https://limitlesstcg.nyc3.cdn.digitaloceanspaces.com/tpc/MC/MC_187_R_JP_LG.png
Spheal,MC,188,W Basic,,https://limitlesstcg.nyc3.cdn.digitaloceanspaces.com/tpc/MC/MC_188_R_JP_LG.png
Sealeo,MC,189,W Stage 1,,https://limitlesstcg.nyc3.cdn.digitaloceanspaces.com/tpc/MC/MC_189_R_JP_LG.png
Walrein,MC,190,W Stage 2,,https://limitlesstcg.nyc3.cdn.digitaloceanspaces.com/tpc/MC/MC_190_R_JP_LG.png
Regice,MC,191,W Basic,,https://limitlesstcg.nyc3.cdn.digitaloceanspaces.com/tpc/MC/MC_191_R_JP_LG.png
Regice ex,MC,192,W Basic,,https://limitlesstcg.nyc3.cdn.digitaloceanspaces.com/tpc/MC/MC_192_R_JP_LG.png
Buizel,MC,193,W Basic,,https://limitlesstcg.nyc3.cdn.digitaloceanspaces.com/tpc/MC/MC_193_R_JP_LG.png
Floatzel,MC,194,W Stage 1,,https://limitlesstcg.nyc3.cdn.digitaloceanspaces.com/tpc/MC/MC_194_R_JP_LG.png
Finneon,MC,195,W Basic,,https://limitlesstcg.nyc3.cdn.digitaloceanspaces.com/tpc/MC/MC_195_R_JP_LG.png
Lumineon,MC,196,W Stage 1,,https://limitlesstcg.nyc3.cdn.digitaloceanspaces.com/tpc/MC/MC_196_R_JP_LG.png
Ducklett,MC,197,W Basic,,https://limitlesstcg.nyc3.cdn.digitaloceanspaces.com/tpc/MC/MC_197_R_JP_LG.png
Swanna,MC,198,W Stage 1,,https://limitlesstcg.nyc3.cdn.digitaloceanspaces.com/tpc/MC/MC_198_R_JP_LG.png
Vanillite,MC,199,W Basic,,https://limitlesstcg.nyc3.cdn.digitaloceanspaces.com/tpc/MC/MC_199_R_JP_LG.png
Vanillish,MC,200,W Stage 1,,https://limitlesstcg.nyc3.cdn.digitaloceanspaces.com/tpc/MC/MC_200_R_JP_LG.png
Vanilluxe,MC,201,W Stage 2,,https://limitlesstcg.nyc3.cdn.digitaloceanspaces.com/tpc/MC/MC_201_R_JP_LG.png
Cryogonal,MC,202,W Basic,,https://limitlesstcg.nyc3.cdn.digitaloceanspaces.com/tpc/MC/MC_202_R_JP_LG.png
Kyurem ex,MC,203,W Basic,,https://limitlesstcg.nyc3.cdn.digitaloceanspaces.com/tpc/MC/MC_203_R_JP_LG.png
Black Kyurem ex,MC,204,W Basic,,https://limitlesstcg.nyc3.cdn.digitaloceanspaces.com/tpc/MC/MC_204_R_JP_LG.png
Keldeo ex,MC,205,W Basic,,https://limitlesstcg.nyc3.cdn.digitaloceanspaces.com/tpc/MC/MC_205_R_JP_LG.png
Froakie,MC,206,W Basic,,https://limitlesstcg.nyc3.cdn.digitaloceanspaces.com/tpc/MC/MC_206_R_JP_LG.png
Frogadier,MC,207,W Stage 1,,https://limitlesstcg.nyc3.cdn.digitaloceanspaces.com/tpc/MC/MC_207_R_JP_LG.png
Greninja ex,MC,208,W Stage 2,,https://limitlesstcg.nyc3.cdn.digitaloceanspaces.com/tpc/MC/MC_208_R_JP_LG.png
Crabominable,MC,209,W Stage 1,,https://limitlesstcg.nyc3.cdn.digitaloceanspaces.com/tpc/MC/MC_209_R_JP_LG.png
Cramorant,MC,210,W Basic,,https://limitlesstcg.nyc3.cdn.digitaloceanspaces.com/tpc/MC/MC_210_R_JP_LG.png
Quaxly,MC,211,W Basic,,https://limitlesstcg.nyc3.cdn.digitaloceanspaces.com/tpc/MC/MC_211_R_JP_LG.png
Quaxwell,MC,212,W Stage 1,,https://limitlesstcg.nyc3.cdn.digitaloceanspaces.com/tpc/MC/MC_212_R_JP_LG.png
Quaquaval,MC,213,W Stage 2,,https://limitlesstcg.nyc3.cdn.digitaloceanspaces.com/tpc/MC/MC_213_R_JP_LG.png
Finizen,MC,214,W Basic,,https://limitlesstcg.nyc3.cdn.digitaloceanspaces.com/tpc/MC/MC_214_R_JP_LG.png
Palafin,MC,215,W Stage 1,,https://limitlesstcg.nyc3.cdn.digitaloceanspaces.com/tpc/MC/MC_215_R_JP_LG.png
Palafin ex,MC,216,W Stage 1,,https://limitlesstcg.nyc3.cdn.digitaloceanspaces.com/tpc/MC/MC_216_R_JP_LG.png
Cetoddle,MC,217,W Basic,,https://limitlesstcg.nyc3.cdn.digitaloceanspaces.com/tpc/MC/MC_217_R_JP_LG.png
Cetitan,MC,218,W Stage 1,,https://limitlesstcg.nyc3.cdn.digitaloceanspaces.com/tpc/MC/MC_218_R_JP_LG.png
Veluza,MC,219,W Basic,,https://limitlesstcg.nyc3.cdn.digitaloceanspaces.com/tpc/MC/MC_219_R_JP_LG.png
Dondozo ex,MC,220,W Basic,,https://limitlesstcg.nyc3.cdn.digitaloceanspaces.com/tpc/MC/MC_220_R_JP_LG.png
Walking Wake,MC,221,W Basic,,https://limitlesstcg.nyc3.cdn.digitaloceanspaces.com/tpc/MC/MC_221_R_JP_LG.png
Walking Wake ex,MC,222,W Basic,,https://limitlesstcg.nyc3.cdn.digitaloceanspaces.com/tpc/MC/MC_222_R_JP_LG.png
Wellspring Mask Ogerpon,MC,223,W Basic,,https://limitlesstcg.nyc3.cdn.digitaloceanspaces.com/tpc/MC/MC_223_R_JP_LG.png
Wellspring Mask Ogerpon ex,MC,224,W Basic,,https://limitlesstcg.nyc3.cdn.digitaloceanspaces.com/tpc/MC/MC_224_R_JP_LG.png
Pikachu,MC,225,L Basic,,https://limitlesstcg.nyc3.cdn.digitaloceanspaces.com/tpc/MC/MC_225_R_JP_LG.png
Raichu,MC,226,L Stage 1,,https://limitlesstcg.nyc3.cdn.digitaloceanspaces.com/tpc/MC/MC_226_R_JP_LG.png
Pikachu ex,MC,227,L Basic,,https://limitlesstcg.nyc3.cdn.digitaloceanspaces.com/tpc/MC/MC_227_R_JP_LG.png
Alolan Geodude,MC,228,L Basic,,https://limitlesstcg.nyc3.cdn.digitaloceanspaces.com/tpc/MC/MC_228_R_JP_LG.png
Alolan Graveler,MC,229,L Stage 1,,https://limitlesstcg.nyc3.cdn.digitaloceanspaces.com/tpc/MC/MC_229_R_JP_LG.png
Alolan Golem,MC,230,L Stage 2,,https://limitlesstcg.nyc3.cdn.digitaloceanspaces.com/tpc/MC/MC_230_R_JP_LG.png
Magnemite,MC,231,L Basic,,https://limitlesstcg.nyc3.cdn.digitaloceanspaces.com/tpc/MC/MC_231_R_JP_LG.png
Magneton,MC,232,L Stage 1,,https://limitlesstcg.nyc3.cdn.digitaloceanspaces.com/tpc/MC/MC_232_R_JP_LG.png
Voltorb ex,MC,233,L Basic,,https://limitlesstcg.nyc3.cdn.digitaloceanspaces.com/tpc/MC/MC_233_R_JP_LG.png
Iono's Voltorb,MC,234,L Basic,,https://limitlesstcg.nyc3.cdn.digitaloceanspaces.com/tpc/MC/MC_234_R_JP_LG.png
Iono's Electrode,MC,235,L Stage 1,,https://limitlesstcg.nyc3.cdn.digitaloceanspaces.com/tpc/MC/MC_235_R_JP_LG.png
Electabuzz,MC,236,L Basic,,https://limitlesstcg.nyc3.cdn.digitaloceanspaces.com/tpc/MC/MC_236_R_JP_LG.png
Electivire ex,MC,237,L Stage 1,,https://limitlesstcg.nyc3.cdn.digitaloceanspaces.com/tpc/MC/MC_237_R_JP_LG.png
Jolteon ex,MC,238,L Stage 1,,https://limitlesstcg.nyc3.cdn.digitaloceanspaces.com/tpc/MC/MC_238_R_JP_LG.png
Zapdos,MC,239,L Basic,,https://limitlesstcg.nyc3.cdn.digitaloceanspaces.com/tpc/MC/MC_239_R_JP_LG.png
Zapdos,MC,240,L Basic,,https://limitlesstcg.nyc3.cdn.digitaloceanspaces.com/tpc/MC/MC_240_R_JP_LG.png
Ethan's Pichu,MC,241,L Basic,,https://limitlesstcg.nyc3.cdn.digitaloceanspaces.com/tpc/MC/MC_241_R_JP_LG.png
Electrike,MC,242,L Basic,,https://limitlesstcg.nyc3.cdn.digitaloceanspaces.com/tpc/MC/MC_242_R_JP_LG.png
Manectric,MC,243,L Stage 1,,https://limitlesstcg.nyc3.cdn.digitaloceanspaces.com/tpc/MC/MC_243_R_JP_LG.png
Shinx,MC,244,L Basic,,https://limitlesstcg.nyc3.cdn.digitaloceanspaces.com/tpc/MC/MC_244_R_JP_LG.png
Luxio,MC,245,L Stage 1,,https://limitlesstcg.nyc3.cdn.digitaloceanspaces.com/tpc/MC/MC_245_R_JP_LG.png
Luxray ex,MC,246,L Stage 2,,https://limitlesstcg.nyc3.cdn.digitaloceanspaces.com/tpc/MC/MC_246_R_JP_LG.png
Pachirisu,MC,247,L Basic,,https://limitlesstcg.nyc3.cdn.digitaloceanspaces.com/tpc/MC/MC_247_R_JP_LG.png
Rotom,MC,248,L Basic,,https://limitlesstcg.nyc3.cdn.digitaloceanspaces.com/tpc/MC/MC_248_R_JP_LG.png
Blitzle,MC,249,L Basic,,https://limitlesstcg.nyc3.cdn.digitaloceanspaces.com/tpc/MC/MC_249_R_JP_LG.png
Blitzle,MC,250,L Basic,,https://limitlesstcg.nyc3.cdn.digitaloceanspaces.com/tpc/MC/MC_250_R_JP_LG.png
Zebstrika,MC,251,L Stage 1,,https://limitlesstcg.nyc3.cdn.digitaloceanspaces.com/tpc/MC/MC_251_R_JP_LG.png
Zebstrika,MC,252,L Stage 1,,https://limitlesstcg.nyc3.cdn.digitaloceanspaces.com/tpc/MC/MC_252_R_JP_LG.png
Emolga,MC,253,L Basic,,https://limitlesstcg.nyc3.cdn.digitaloceanspaces.com/tpc/MC/MC_253_R_JP_LG.png
Joltik,MC,254,L Basic,,https://limitlesstcg.nyc3.cdn.digitaloceanspaces.com/tpc/MC/MC_254_R_JP_LG.png
Galvantula ex,MC,255,L Stage 1,,https://limitlesstcg.nyc3.cdn.digitaloceanspaces.com/tpc/MC/MC_255_R_JP_LG.png
Tynamo,MC,256,L Basic,,https://limitlesstcg.nyc3.cdn.digitaloceanspaces.com/tpc/MC/MC_256_R_JP_LG.png
Eelektrik,MC,257,L Stage 1,,https://limitlesstcg.nyc3.cdn.digitaloceanspaces.com/tpc/MC/MC_257_R_JP_LG.png
Thundurus,MC,258,L Basic,,https://limitlesstcg.nyc3.cdn.digitaloceanspaces.com/tpc/MC/MC_258_R_JP_LG.png
Zekrom ex,MC,259,L Basic,,https://limitlesstcg.nyc3.cdn.digitaloceanspaces.com/tpc/MC/MC_259_R_JP_LG.png
Helioptile,MC,260,L Basic,,https://limitlesstcg.nyc3.cdn.digitaloceanspaces.com/tpc/MC/MC_260_R_JP_LG.png
Heliolisk,MC,261,L Stage 1,,https://limitlesstcg.nyc3.cdn.digitaloceanspaces.com/tpc/MC/MC_261_R_JP_LG.png
Charjabug,MC,262,L Stage 1,,https://limitlesstcg.nyc3.cdn.digitaloceanspaces.com/tpc/MC/MC_262_R_JP_LG.png
Vikavolt,MC,263,L Stage 2,,https://limitlesstcg.nyc3.cdn.digitaloceanspaces.com/tpc/MC/MC_263_R_JP_LG.png
Togedemaru,MC,264,L Basic,,https://limitlesstcg.nyc3.cdn.digitaloceanspaces.com/tpc/MC/MC_264_R_JP_LG.png
Tapu Koko,MC,265,L Basic,,https://limitlesstcg.nyc3.cdn.digitaloceanspaces.com/tpc/MC/MC_265_R_JP_LG.png
Zeraora,MC,266,L Basic,,https://limitlesstcg.nyc3.cdn.digitaloceanspaces.com/tpc/MC/MC_266_R_JP_LG.png
Zeraora,MC,267,L Basic,,https://limitlesstcg.nyc3.cdn.digitaloceanspaces.com/tpc/MC/MC_267_R_JP_LG.png
Yamper,MC,268,L Basic,,https://limitlesstcg.nyc3.cdn.digitaloceanspaces.com/tpc/MC/MC_268_R_JP_LG.png
Boltund,MC,269,L Stage 1,,https://limitlesstcg.nyc3.cdn.digitaloceanspaces.com/tpc/MC/MC_269_R_JP_LG.png
Morpeko,MC,270,L Basic,,https://limitlesstcg.nyc3.cdn.digitaloceanspaces.com/tpc/MC/MC_270_R_JP_LG.png
Tadbulb,MC,271,L Basic,,https://limitlesstcg.nyc3.cdn.digitaloceanspaces.com/tpc/MC/MC_271_R_JP_LG.png
Bellibolt,MC,272,L Stage 1,,https://limitlesstcg.nyc3.cdn.digitaloceanspaces.com/tpc/MC/MC_272_R_JP_LG.png
Iono's Tadbulb,MC,273,L Basic,,https://limitlesstcg.nyc3.cdn.digitaloceanspaces.com/tpc/MC/MC_273_R_JP_LG.png
Iono's Bellibolt ex,MC,274,L Stage 1,,https://limitlesstcg.nyc3.cdn.digitaloceanspaces.com/tpc/MC/MC_274_R_JP_LG.png
Wattrel,MC,275,L Basic,,https://limitlesstcg.nyc3.cdn.digitaloceanspaces.com/tpc/MC/MC_275_R_JP_LG.png
Kilowattrel,MC,276,L Stage 1,,https://limitlesstcg.nyc3.cdn.digitaloceanspaces.com/tpc/MC/MC_276_R_JP_LG.png
Kilowattrel,MC,277,L Stage 1,,https://limitlesstcg.nyc3.cdn.digitaloceanspaces.com/tpc/MC/MC_277_R_JP_LG.png
Iono's Wattrel,MC,278,L Basic,,https://limitlesstcg.nyc3.cdn.digitaloceanspaces.com/tpc/MC/MC_278_R_JP_LG.png
Iono's Kilowattrel,MC,279,L Stage 1,,https://limitlesstcg.nyc3.cdn.digitaloceanspaces.com/tpc/MC/MC_279_R_JP_LG.png
Iron Hands,MC,280,L Basic,,https://limitlesstcg.nyc3.cdn.digitaloceanspaces.com/tpc/MC/MC_280_R_JP_LG.png
Iron Thorns,MC,281,L Basic,,https://limitlesstcg.nyc3.cdn.digitaloceanspaces.com/tpc/MC/MC_281_R_JP_LG.png
Iron Thorns ex,MC,282,L Basic,,https://limitlesstcg.nyc3.cdn.digitaloceanspaces.com/tpc/MC/MC_282_R_JP_LG.png
Miraidon,MC,283,L Basic,,https://limitlesstcg.nyc3.cdn.digitaloceanspaces.com/tpc/MC/MC_283_R_JP_LG.png
Miraidon ex,MC,284,L Basic,,https://limitlesstcg.nyc3.cdn.digitaloceanspaces.com/tpc/MC/MC_284_R_JP_LG.png
Clefairy,MC,285,P Basic,,https://limitlesstcg.nyc3.cdn.digitaloceanspaces.com/tpc/MC/MC_285_R_JP_LG.png
Clefable,MC,286,P Stage 1,,https://limitlesstcg.nyc3.cdn.digitaloceanspaces.com/tpc/MC/MC_286_R_JP_LG.png
Lillie's Clefairy ex,MC,287,P Basic,,https://limitlesstcg.nyc3.cdn.digitaloceanspaces.com/tpc/MC/MC_287_R_JP_LG.png
Team Rocket's Drowzee,MC,288,P Basic,,https://limitlesstcg.nyc3.cdn.digitaloceanspaces.com/tpc/MC/MC_288_R_JP_LG.png
Team Rocket's Hypno,MC,289,P Stage 1,,https://limitlesstcg.nyc3.cdn.digitaloceanspaces.com/tpc/MC/MC_289_R_JP_LG.png
Team Rocket's Mewtwo ex,MC,290,P Basic,,https://limitlesstcg.nyc3.cdn.digitaloceanspaces.com/tpc/MC/MC_290_R_JP_LG.png
Togepi,MC,291,P Basic,,https://limitlesstcg.nyc3.cdn.digitaloceanspaces.com/tpc/MC/MC_291_R_JP_LG.png
Togetic,MC,292,P Stage 1,,https://limitlesstcg.nyc3.cdn.digitaloceanspaces.com/tpc/MC/MC_292_R_JP_LG.png
Togekiss,MC,293,P Stage 2,,https://limitlesstcg.nyc3.cdn.digitaloceanspaces.com/tpc/MC/MC_293_R_JP_LG.png
Marill,MC,294,P Basic,,https://limitlesstcg.nyc3.cdn.digitaloceanspaces.com/tpc/MC/MC_294_R_JP_LG.png
Marill,MC,295,P Basic,,https://limitlesstcg.nyc3.cdn.digitaloceanspaces.com/tpc/MC/MC_295_R_JP_LG.png
Azumarill,MC,296,P Stage 1,,https://limitlesstcg.nyc3.cdn.digitaloceanspaces.com/tpc/MC/MC_296_R_JP_LG.png
Azumarill ex,MC,297,P Stage 1,,https://limitlesstcg.nyc3.cdn.digitaloceanspaces.com/tpc/MC/MC_297_R_JP_LG.png
Espeon ex,MC,298,P Stage 1,,https://limitlesstcg.nyc3.cdn.digitaloceanspaces.com/tpc/MC/MC_298_R_JP_LG.png
Sylveon ex,MC,299,P Stage 1,,https://limitlesstcg.nyc3.cdn.digitaloceanspaces.com/tpc/MC/MC_299_R_JP_LG.png
Girafarig,MC,300,P Basic,,https://limitlesstcg.nyc3.cdn.digitaloceanspaces.com/tpc/MC/MC_300_R_JP_LG.png
Girafarig,MC,301,P Basic,,https://limitlesstcg.nyc3.cdn.digitaloceanspaces.com/tpc/MC/MC_301_R_JP_LG.png
Farigiraf,MC,302,P Stage 1,,https://limitlesstcg.nyc3.cdn.digitaloceanspaces.com/tpc/MC/MC_302_R_JP_LG.png
Snubbull,MC,303,P Basic,,https://limitlesstcg.nyc3.cdn.digitaloceanspaces.com/tpc/MC/MC_303_R_JP_LG.png
Granbull,MC,304,P Stage 1,,https://limitlesstcg.nyc3.cdn.digitaloceanspaces.com/tpc/MC/MC_304_R_JP_LG.png
Spoink,MC,305,P Basic,,https://limitlesstcg.nyc3.cdn.digitaloceanspaces.com/tpc/MC/MC_305_R_JP_LG.png
Grumpig,MC,306,P Stage 1,,https://limitlesstcg.nyc3.cdn.digitaloceanspaces.com/tpc/MC/MC_306_R_JP_LG.png
Shuppet,MC,307,P Basic,,https://limitlesstcg.nyc3.cdn.digitaloceanspaces.com/tpc/MC/MC_307_R_JP_LG.png
Duskull,MC,308,P Basic,,https://limitlesstcg.nyc3.cdn.digitaloceanspaces.com/tpc/MC/MC_308_R_JP_LG.png
Dusclops,MC,309,P Stage 1,,https://limitlesstcg.nyc3.cdn.digitaloceanspaces.com/tpc/MC/MC_309_R_JP_LG.png
Dusknoir,MC,310,P Stage 2,,https://limitlesstcg.nyc3.cdn.digitaloceanspaces.com/tpc/MC/MC_310_R_JP_LG.png
Latias,MC,311,P Basic,,https://limitlesstcg.nyc3.cdn.digitaloceanspaces.com/tpc/MC/MC_311_R_JP_LG.png
Latias ex,MC,312,P Basic,,https://limitlesstcg.nyc3.cdn.digitaloceanspaces.com/tpc/MC/MC_312_R_JP_LG.png
Latios,MC,313,P Basic,,https://limitlesstcg.nyc3.cdn.digitaloceanspaces.com/tpc/MC/MC_313_R_JP_LG.png
Uxie,MC,314,P Basic,,https://limitlesstcg.nyc3.cdn.digitaloceanspaces.com/tpc/MC/MC_314_R_JP_LG.png
Mesprit,MC,315,P Basic,,https://limitlesstcg.nyc3.cdn.digitaloceanspaces.com/tpc/MC/MC_315_R_JP_LG.png
Azelf,MC,316,P Basic,,https://limitlesstcg.nyc3.cdn.digitaloceanspaces.com/tpc/MC/MC_316_R_JP_LG.png
Cresselia,MC,317,P Basic,,https://limitlesstcg.nyc3.cdn.digitaloceanspaces.com/tpc/MC/MC_317_R_JP_LG.png
Sigilyph,MC,318,P Basic,,https://limitlesstcg.nyc3.cdn.digitaloceanspaces.com/tpc/MC/MC_318_R_JP_LG.png
Yamask,MC,319,P Basic,,https://limitlesstcg.nyc3.cdn.digitaloceanspaces.com/tpc/MC/MC_319_R_JP_LG.png
Yamask,MC,320,P Basic,,https://limitlesstcg.nyc3.cdn.digitaloceanspaces.com/tpc/MC/MC_320_R_JP_LG.png
Cofagrigus,MC,321,P Stage 1,,https://limitlesstcg.nyc3.cdn.digitaloceanspaces.com/tpc/MC/MC_321_R_JP_LG.png
Cofagrigus,MC,322,P Stage 1,,https://limitlesstcg.nyc3.cdn.digitaloceanspaces.com/tpc/MC/MC_322_R_JP_LG.png
Gothita,MC,323,P Basic,,https://limitlesstcg.nyc3.cdn.digitaloceanspaces.com/tpc/MC/MC_323_R_JP_LG.png
Gothorita,MC,324,P Stage 1,,https://limitlesstcg.nyc3.cdn.digitaloceanspaces.com/tpc/MC/MC_324_R_JP_LG.png
Gothitelle,MC,325,P Stage 2,,https://limitlesstcg.nyc3.cdn.digitaloceanspaces.com/tpc/MC/MC_325_R_JP_LG.png
Elgyem,MC,326,P Basic,,https://limitlesstcg.nyc3.cdn.digitaloceanspaces.com/tpc/MC/MC_326_R_JP_LG.png
Beheeyem,MC,327,P Stage 1,,https://limitlesstcg.nyc3.cdn.digitaloceanspaces.com/tpc/MC/MC_327_R_JP_LG.png
Flabébé,MC,328,P Basic,,https://limitlesstcg.nyc3.cdn.digitaloceanspaces.com/tpc/MC/MC_328_R_JP_LG.png
Floette,MC,329,P Stage 1,,https://limitlesstcg.nyc3.cdn.digitaloceanspaces.com/tpc/MC/MC_329_R_JP_LG.png
Florges,MC,330,P Stage 2,,https://limitlesstcg.nyc3.cdn.digitaloceanspaces.com/tpc/MC/MC_330_R_JP_LG.png
Espurr,MC,331,P Basic,,https://limitlesstcg.nyc3.cdn.digitaloceanspaces.com/tpc/MC/MC_331_R_JP_LG.png
Meowstic,MC,332,P Stage 1,,https://limitlesstcg.nyc3.cdn.digitaloceanspaces.com/tpc/MC/MC_332_R_JP_LG.png
Swirlix,MC,333,P Basic,,https://limitlesstcg.nyc3.cdn.digitaloceanspaces.com/tpc/MC/MC_333_R_JP_LG.png
Slurpuff,MC,334,P Stage 1,,https://limitlesstcg.nyc3.cdn.digitaloceanspaces.com/tpc/MC/MC_334_R_JP_LG.png
Xerneas,MC,335,P Basic,,https://limitlesstcg.nyc3.cdn.digitaloceanspaces.com/tpc/MC/MC_335_R_JP_LG.png
Oricorio,MC,336,P Basic,,https://limitlesstcg.nyc3.cdn.digitaloceanspaces.com/tpc/MC/MC_336_R_JP_LG.png
Oricorio,MC,337,P Basic,,https://limitlesstcg.nyc3.cdn.digitaloceanspaces.com/tpc/MC/MC_337_R_JP_LG.png
Lillie's Cutiefly,MC,338,P Basic,,https://limitlesstcg.nyc3.cdn.digitaloceanspaces.com/tpc/MC/MC_338_R_JP_LG.png
Lillie's Ribombee,MC,339,P Stage 1,,https://limitlesstcg.nyc3.cdn.digitaloceanspaces.com/tpc/MC/MC_339_R_JP_LG.png
Lillie's Comfey,MC,340,P Basic,,https://limitlesstcg.nyc3.cdn.digitaloceanspaces.com/tpc/MC/MC_340_R_JP_LG.png
Team Rocket's Mimikyu,MC,341,P Basic,,https://limitlesstcg.nyc3.cdn.digitaloceanspaces.com/tpc/MC/MC_341_R_JP_LG.png
Tapu Lele,MC,342,P Basic,,https://limitlesstcg.nyc3.cdn.digitaloceanspaces.com/tpc/MC/MC_342_R_JP_LG.png
Impidimp,MC,343,P Basic,,https://limitlesstcg.nyc3.cdn.digitaloceanspaces.com/tpc/MC/MC_343_R_JP_LG.png
Morgrem,MC,344,P Stage 1,,https://limitlesstcg.nyc3.cdn.digitaloceanspaces.com/tpc/MC/MC_344_R_JP_LG.png
Grimmsnarl,MC,345,P Stage 2,,https://limitlesstcg.nyc3.cdn.digitaloceanspaces.com/tpc/MC/MC_345_R_JP_LG.png
Enamorus,MC,346,P Basic,,https://limitlesstcg.nyc3.cdn.digitaloceanspaces.com/tpc/MC/MC_346_R_JP_LG.png
Fidough,MC,347,P Basic,,https://limitlesstcg.nyc3.cdn.digitaloceanspaces.com/tpc/MC/MC_347_R_JP_LG.png
Dachsbun ex,MC,348,P Stage 1,,https://limitlesstcg.nyc3.cdn.digitaloceanspaces.com/tpc/MC/MC_348_R_JP_LG.png
Greavard,MC,349,P Basic,,https://limitlesstcg.nyc3.cdn.digitaloceanspaces.com/tpc/MC/MC_349_R_JP_LG.png
Houndstone,MC,350,P Stage 1,,https://limitlesstcg.nyc3.cdn.digitaloceanspaces.com/tpc/MC/MC_350_R_JP_LG.png
Houndstone ex,MC,351,P Stage 1,,https://limitlesstcg.nyc3.cdn.digitaloceanspaces.com/tpc/MC/MC_351_R_JP_LG.png
Scream Tail,MC,352,P Basic,,https://limitlesstcg.nyc3.cdn.digitaloceanspaces.com/tpc/MC/MC_352_R_JP_LG.png
Scream Tail ex,MC,353,P Basic,,https://limitlesstcg.nyc3.cdn.digitaloceanspaces.com/tpc/MC/MC_353_R_JP_LG.png
Flutter Mane,MC,354,P Basic,,https://limitlesstcg.nyc3.cdn.digitaloceanspaces.com/tpc/MC/MC_354_R_JP_LG.png
Flutter Mane,MC,355,P Basic,,https://limitlesstcg.nyc3.cdn.digitaloceanspaces.com/tpc/MC/MC_355_R_JP_LG.png
Gimmighoul,MC,356,P Basic,,https://limitlesstcg.nyc3.cdn.digitaloceanspaces.com/tpc/MC/MC_356_R_JP_LG.png
Iron Valiant,MC,357,P Basic,,https://limitlesstcg.nyc3.cdn.digitaloceanspaces.com/tpc/MC/MC_357_R_JP_LG.png
Munkidori,MC,358,P Basic,,https://limitlesstcg.nyc3.cdn.digitaloceanspaces.com/tpc/MC/MC_358_R_JP_LG.png
Fezandipiti,MC,359,P Basic,,https://limitlesstcg.nyc3.cdn.digitaloceanspaces.com/tpc/MC/MC_359_R_JP_LG.png
Iron Boulder,MC,360,P Basic,,https://limitlesstcg.nyc3.cdn.digitaloceanspaces.com/tpc/MC/MC_360_R_JP_LG.png
Iron Crown ex,MC,361,P Basic,,https://limitlesstcg.nyc3.cdn.digitaloceanspaces.com/tpc/MC/MC_361_R_JP_LG.png
Swinub,MC,362,F Basic,,https://limitlesstcg.nyc3.cdn.digitaloceanspaces.com/tpc/MC/MC_362_R_JP_LG.png
Piloswine,MC,363,F Stage 1,,https://limitlesstcg.nyc3.cdn.digitaloceanspaces.com/tpc/MC/MC_363_R_JP_LG.png
Mamoswine ex,MC,364,F Stage 2,,https://limitlesstcg.nyc3.cdn.digitaloceanspaces.com/tpc/MC/MC_364_R_JP_LG.png
Phanpy,MC,365,F Basic,,https://limitlesstcg.nyc3.cdn.digitaloceanspaces.com/tpc/MC/MC_365_R_JP_LG.png
Donphan,MC,366,F Stage 1,,https://limitlesstcg.nyc3.cdn.digitaloceanspaces.com/tpc/MC/MC_366_R_JP_LG.png
Hitmontop,MC,367,F Basic,,https://limitlesstcg.nyc3.cdn.digitaloceanspaces.com/tpc/MC/MC_367_R_JP_LG.png
Meditite,MC,368,F Basic,,https://limitlesstcg.nyc3.cdn.digitaloceanspaces.com/tpc/MC/MC_368_R_JP_LG.png
Medicham,MC,369,F Stage 1,,https://limitlesstcg.nyc3.cdn.digitaloceanspaces.com/tpc/MC/MC_369_R_JP_LG.png
Medicham ex,MC,370,F Stage 1,,https://limitlesstcg.nyc3.cdn.digitaloceanspaces.com/tpc/MC/MC_370_R_JP_LG.png
Lunatone,MC,371,F Basic,,https://limitlesstcg.nyc3.cdn.digitaloceanspaces.com/tpc/MC/MC_371_R_JP_LG.png
Solrock,MC,372,F Basic,,https://limitlesstcg.nyc3.cdn.digitaloceanspaces.com/tpc/MC/MC_372_R_JP_LG.png
Regirock,MC,373,F Basic,,https://limitlesstcg.nyc3.cdn.digitaloceanspaces.com/tpc/MC/MC_373_R_JP_LG.png
Regirock ex,MC,374,F Basic,,https://limitlesstcg.nyc3.cdn.digitaloceanspaces.com/tpc/MC/MC_374_R_JP_LG.png
Groudon,MC,375,F Basic,,https://limitlesstcg.nyc3.cdn.digitaloceanspaces.com/tpc/MC/MC_375_R_JP_LG.png
Cynthia's Gible,MC,376,F Basic,,https://limitlesstcg.nyc3.cdn.digitaloceanspaces.com/tpc/MC/MC_376_R_JP_LG.png
Cynthia's Gabite,MC,377,F Stage 1,,https://limitlesstcg.nyc3.cdn.digitaloceanspaces.com/tpc/MC/MC_377_R_JP_LG.png
Cynthia's Garchomp ex,MC,378,F Stage 2,,https://limitlesstcg.nyc3.cdn.digitaloceanspaces.com/tpc/MC/MC_378_R_JP_LG.png
Riolu,MC,379,F Basic,,https://limitlesstcg.nyc3.cdn.digitaloceanspaces.com/tpc/MC/MC_379_R_JP_LG.png
Lucario ex,MC,380,F Stage 1,,https://limitlesstcg.nyc3.cdn.digitaloceanspaces.com/tpc/MC/MC_380_R_JP_LG.png
Croagunk,MC,381,F Basic,,https://limitlesstcg.nyc3.cdn.digitaloceanspaces.com/tpc/MC/MC_381_R_JP_LG.png
Croagunk,MC,382,F Basic,,https://limitlesstcg.nyc3.cdn.digitaloceanspaces.com/tpc/MC/MC_382_R_JP_LG.png
Toxicroak,MC,383,F Stage 1,,https://limitlesstcg.nyc3.cdn.digitaloceanspaces.com/tpc/MC/MC_383_R_JP_LG.png
Toxicroak,MC,384,F Stage 1,,https://limitlesstcg.nyc3.cdn.digitaloceanspaces.com/tpc/MC/MC_384_R_JP_LG.png
Drilbur,MC,385,F Basic,,https://limitlesstcg.nyc3.cdn.digitaloceanspaces.com/tpc/MC/MC_385_R_JP_LG.png
Excadrill,MC,386,F Stage 1,,https://limitlesstcg.nyc3.cdn.digitaloceanspaces.com/tpc/MC/MC_386_R_JP_LG.png
Excadrill ex,MC,387,F Stage 1,,https://limitlesstcg.nyc3.cdn.digitaloceanspaces.com/tpc/MC/MC_387_R_JP_LG.png
Timburr,MC,388,F Basic,,https://limitlesstcg.nyc3.cdn.digitaloceanspaces.com/tpc/MC/MC_388_R_JP_LG.png
Gurdurr,MC,389,F Stage 1,,https://limitlesstcg.nyc3.cdn.digitaloceanspaces.com/tpc/MC/MC_389_R_JP_LG.png
Conkeldurr,MC,390,F Stage 2,,https://limitlesstcg.nyc3.cdn.digitaloceanspaces.com/tpc/MC/MC_390_R_JP_LG.png
Sawk,MC,391,F Basic,,https://limitlesstcg.nyc3.cdn.digitaloceanspaces.com/tpc/MC/MC_391_R_JP_LG.png
Archen,MC,392,F Stage 1,,https://limitlesstcg.nyc3.cdn.digitaloceanspaces.com/tpc/MC/MC_392_R_JP_LG.png
Archeops,MC,393,F Stage 2,,https://limitlesstcg.nyc3.cdn.digitaloceanspaces.com/tpc/MC/MC_393_R_JP_LG.png
Stunfisk ex,MC,394,F Basic,,https://limitlesstcg.nyc3.cdn.digitaloceanspaces.com/tpc/MC/MC_394_R_JP_LG.png
Mienfoo,MC,395,F Basic,,https://limitlesstcg.nyc3.cdn.digitaloceanspaces.com/tpc/MC/MC_395_R_JP_LG.png
Mienshao,MC,396,F Stage 1,,https://limitlesstcg.nyc3.cdn.digitaloceanspaces.com/tpc/MC/MC_396_R_JP_LG.png
Landorus,MC,397,F Basic,,https://limitlesstcg.nyc3.cdn.digitaloceanspaces.com/tpc/MC/MC_397_R_JP_LG.png
Landorus,MC,398,F Basic,,https://limitlesstcg.nyc3.cdn.digitaloceanspaces.com/tpc/MC/MC_398_R_JP_LG.png
Pancham,MC,399,F Basic,,https://limitlesstcg.nyc3.cdn.digitaloceanspaces.com/tpc/MC/MC_399_R_JP_LG.png
Carbink,MC,400,F Basic,,https://limitlesstcg.nyc3.cdn.digitaloceanspaces.com/tpc/MC/MC_400_R_JP_LG.png
Crabrawler,MC,401,F Basic,,https://limitlesstcg.nyc3.cdn.digitaloceanspaces.com/tpc/MC/MC_401_R_JP_LG.png
Rockruff,MC,402,F Basic,,https://limitlesstcg.nyc3.cdn.digitaloceanspaces.com/tpc/MC/MC_402_R_JP_LG.png
Lycanroc,MC,403,F Stage 1,,https://limitlesstcg.nyc3.cdn.digitaloceanspaces.com/tpc/MC/MC_403_R_JP_LG.png
Mudbray,MC,404,F Basic,,https://limitlesstcg.nyc3.cdn.digitaloceanspaces.com/tpc/MC/MC_404_R_JP_LG.png
Mudsdale,MC,405,F Stage 1,,https://limitlesstcg.nyc3.cdn.digitaloceanspaces.com/tpc/MC/MC_405_R_JP_LG.png
Mudsdale,MC,406,F Stage 1,,https://limitlesstcg.nyc3.cdn.digitaloceanspaces.com/tpc/MC/MC_406_R_JP_LG.png
Passimian,MC,407,F Basic,,https://limitlesstcg.nyc3.cdn.digitaloceanspaces.com/tpc/MC/MC_407_R_JP_LG.png
Marshadow,MC,408,F Basic,,https://limitlesstcg.nyc3.cdn.digitaloceanspaces.com/tpc/MC/MC_408_R_JP_LG.png
Rolycoly,MC,409,F Basic,,https://limitlesstcg.nyc3.cdn.digitaloceanspaces.com/tpc/MC/MC_409_R_JP_LG.png
Carkol,MC,410,F Stage 1,,https://limitlesstcg.nyc3.cdn.digitaloceanspaces.com/tpc/MC/MC_410_R_JP_LG.png
Coalossal,MC,411,F Stage 2,,https://limitlesstcg.nyc3.cdn.digitaloceanspaces.com/tpc/MC/MC_411_R_JP_LG.png
Clobbopus,MC,412,F Basic,,https://limitlesstcg.nyc3.cdn.digitaloceanspaces.com/tpc/MC/MC_412_R_JP_LG.png
Grapploct,MC,413,F Stage 1,,https://limitlesstcg.nyc3.cdn.digitaloceanspaces.com/tpc/MC/MC_413_R_JP_LG.png
Stonjourner,MC,414,F Basic,,https://limitlesstcg.nyc3.cdn.digitaloceanspaces.com/tpc/MC/MC_414_R_JP_LG.png
Bloodmoon Ursaluna,MC,415,F Basic,,https://limitlesstcg.nyc3.cdn.digitaloceanspaces.com/tpc/MC/MC_415_R_JP_LG.png
Nacli,MC,416,F Basic,,https://limitlesstcg.nyc3.cdn.digitaloceanspaces.com/tpc/MC/MC_416_R_JP_LG.png
Naclstack,MC,417,F Stage 1,,https://limitlesstcg.nyc3.cdn.digitaloceanspaces.com/tpc/MC/MC_417_R_JP_LG.png
Garganacl,MC,418,F Stage 2,,https://limitlesstcg.nyc3.cdn.digitaloceanspaces.com/tpc/MC/MC_418_R_JP_LG.png
Arven's Toedscool,MC,419,F Basic,,https://limitlesstcg.nyc3.cdn.digitaloceanspaces.com/tpc/MC/MC_419_R_JP_LG.png
Arven's Toedscruel,MC,420,F Stage 1,,https://limitlesstcg.nyc3.cdn.digitaloceanspaces.com/tpc/MC/MC_420_R_JP_LG.png
Klawf,MC,421,F Basic,,https://limitlesstcg.nyc3.cdn.digitaloceanspaces.com/tpc/MC/MC_421_R_JP_LG.png
Great Tusk,MC,422,F Basic,,https://limitlesstcg.nyc3.cdn.digitaloceanspaces.com/tpc/MC/MC_422_R_JP_LG.png
Slither Wing,MC,423,F Basic,,https://limitlesstcg.nyc3.cdn.digitaloceanspaces.com/tpc/MC/MC_423_R_JP_LG.png
Sandy Shocks,MC,424,F Basic,,https://limitlesstcg.nyc3.cdn.digitaloceanspaces.com/tpc/MC/MC_424_R_JP_LG.png
Koraidon ex,MC,425,F Basic,,https://limitlesstcg.nyc3.cdn.digitaloceanspaces.com/tpc/MC/MC_425_R_JP_LG.png
Okidogi,MC,426,F Basic,,https://limitlesstcg.nyc3.cdn.digitaloceanspaces.com/tpc/MC/MC_426_R_JP_LG.png
Cornerstone Mask Ogerpon,MC,427,F Basic,,https://limitlesstcg.nyc3.cdn.digitaloceanspaces.com/tpc/MC/MC_427_R_JP_LG.png
Cornerstone Mask Ogerpon ex,MC,428,F Basic,,https://limitlesstcg.nyc3.cdn.digitaloceanspaces.com/tpc/MC/MC_428_R_JP_LG.png
Iron Boulder ex,MC,429,F Basic,,https://limitlesstcg.nyc3.cdn.digitaloceanspaces.com/tpc/MC/MC_429_R_JP_LG.png
Ekans,MC,430,D Basic,,https://limitlesstcg.nyc3.cdn.digitaloceanspaces.com/tpc/MC/MC_430_R_JP_LG.png
Arbok,MC,431,D Stage 1,,https://limitlesstcg.nyc3.cdn.digitaloceanspaces.com/tpc/MC/MC_431_R_JP_LG.png
Team Rocket's Nidoran♀,MC,432,D Basic,,https://limitlesstcg.nyc3.cdn.digitaloceanspaces.com/tpc/MC/MC_432_R_JP_LG.png
Team Rocket's Nidorina,MC,433,D Stage 1,,https://limitlesstcg.nyc3.cdn.digitaloceanspaces.com/tpc/MC/MC_433_R_JP_LG.png
Team Rocket's Nidoqueen,MC,434,D Stage 2,,https://limitlesstcg.nyc3.cdn.digitaloceanspaces.com/tpc/MC/MC_434_R_JP_LG.png
Team Rocket's Nidoran♂,MC,435,D Basic,,https://limitlesstcg.nyc3.cdn.digitaloceanspaces.com/tpc/MC/MC_435_R_JP_LG.png
Team Rocket's Nidorino,MC,436,D Stage 1,,https://limitlesstcg.nyc3.cdn.digitaloceanspaces.com/tpc/MC/MC_436_R_JP_LG.png
Team Rocket's Nidoking ex,MC,437,D Stage 2,,https://limitlesstcg.nyc3.cdn.digitaloceanspaces.com/tpc/MC/MC_437_R_JP_LG.png
Team Rocket's Zubat,MC,438,D Basic,,https://limitlesstcg.nyc3.cdn.digitaloceanspaces.com/tpc/MC/MC_438_R_JP_LG.png
Team Rocket's Golbat,MC,439,D Stage 1,,https://limitlesstcg.nyc3.cdn.digitaloceanspaces.com/tpc/MC/MC_439_R_JP_LG.png
Team Rocket's Crobat ex,MC,440,D Stage 2,,https://limitlesstcg.nyc3.cdn.digitaloceanspaces.com/tpc/MC/MC_440_R_JP_LG.png
Gastly,MC,441,D Basic,,https://limitlesstcg.nyc3.cdn.digitaloceanspaces.com/tpc/MC/MC_441_R_JP_LG.png
Gastly,MC,442,D Basic,,https://limitlesstcg.nyc3.cdn.digitaloceanspaces.com/tpc/MC/MC_442_R_JP_LG.png
Haunter,MC,443,D Stage 1,,https://limitlesstcg.nyc3.cdn.digitaloceanspaces.com/tpc/MC/MC_443_R_JP_LG.png
Haunter,MC,444,D Stage 1,,https://limitlesstcg.nyc3.cdn.digitaloceanspaces.com/tpc/MC/MC_444_R_JP_LG.png
Gengar ex,MC,445,D Stage 2,,https://limitlesstcg.nyc3.cdn.digitaloceanspaces.com/tpc/MC/MC_445_R_JP_LG.png
Umbreon ex,MC,446,D Stage 1,,https://limitlesstcg.nyc3.cdn.digitaloceanspaces.com/tpc/MC/MC_446_R_JP_LG.png
Team Rocket's Murkrow,MC,447,D Basic,,https://limitlesstcg.nyc3.cdn.digitaloceanspaces.com/tpc/MC/MC_447_R_JP_LG.png
Team Rocket's Sneasel,MC,448,D Basic,,https://limitlesstcg.nyc3.cdn.digitaloceanspaces.com/tpc/MC/MC_448_R_JP_LG.png
Houndour,MC,449,D Basic,,
Houndoom,MC,450,D Stage 1,,https://limitlesstcg.nyc3.cdn.digitaloceanspaces.com/tpc/MC/MC_450_R_JP_LG.png
Poochyena,MC,451,D Basic,,https://limitlesstcg.nyc3.cdn.digitaloceanspaces.com/tpc/MC/MC_451_R_JP_LG.png
Mightyena,MC,452,D Stage 1,,
Sableye,MC,453,D Basic,,
Absol,MC,454,D Basic,,
Spiritomb,MC,455,D Basic,,
Darkrai ex,MC,456,D Basic,,
N's Purrloin,MC,457,D Basic,,https://limitlesstcg.nyc3.cdn.digitaloceanspaces.com/tpc/MC/MC_457_R_JP_LG.png
Marnie's Purrloin,MC,458,D Basic,,
Marnie's Liepard,MC,459,D Stage 1,,
Venipede,MC,460,D Basic,,
Whirlipede,MC,461,D Stage 1,,https://limitlesstcg.nyc3.cdn.digitaloceanspaces.com/tpc/MC/MC_461_R_JP_LG.png
Scolipede,MC,462,D Stage 2,,https://limitlesstcg.nyc3.cdn.digitaloceanspaces.com/tpc/MC/MC_462_R_JP_LG.png
Marnie's Scraggy,MC,463,D Basic,,https://limitlesstcg.nyc3.cdn.digitaloceanspaces.com/tpc/MC/MC_463_R_JP_LG.png
Marnie's Scrafty,MC,464,D Stage 1,,https://limitlesstcg.nyc3.cdn.digitaloceanspaces.com/tpc/MC/MC_464_R_JP_LG.png
Trubbish,MC,465,D Basic,,https://limitlesstcg.nyc3.cdn.digitaloceanspaces.com/tpc/MC/MC_465_R_JP_LG.png
Garbodor,MC,466,D Stage 1,,https://limitlesstcg.nyc3.cdn.digitaloceanspaces.com/tpc/MC/MC_466_R_JP_LG.png
Zorua,MC,467,D Basic,,https://limitlesstcg.nyc3.cdn.digitaloceanspaces.com/tpc/MC/MC_467_R_JP_LG.png
Zoroark,MC,468,D Stage 1,,https://limitlesstcg.nyc3.cdn.digitaloceanspaces.com/tpc/MC/MC_468_R_JP_LG.png
N's Zorua,MC,469,D Basic,,https://limitlesstcg.nyc3.cdn.digitaloceanspaces.com/tpc/MC/MC_469_R_JP_LG.png
N's Zoroark ex,MC,470,D Stage 1,,https://limitlesstcg.nyc3.cdn.digitaloceanspaces.com/tpc/MC/MC_470_R_JP_LG.png
Pawniard,MC,471,D Basic,,https://limitlesstcg.nyc3.cdn.digitaloceanspaces.com/tpc/MC/MC_471_R_JP_LG.png
Bisharp,MC,472,D Stage 1,,https://limitlesstcg.nyc3.cdn.digitaloceanspaces.com/tpc/MC/MC_472_R_JP_LG.png
Kingambit,MC,473,D Stage 2,,https://limitlesstcg.nyc3.cdn.digitaloceanspaces.com/tpc/MC/MC_473_R_JP_LG.png
Vullaby,MC,474,D Basic,,https://limitlesstcg.nyc3.cdn.digitaloceanspaces.com/tpc/MC/MC_474_R_JP_LG.png
Mandibuzz ex,MC,475,D Stage 1,,https://limitlesstcg.nyc3.cdn.digitaloceanspaces.com/tpc/MC/MC_475_R_JP_LG.png
Deino,MC,476,D Basic,,https://limitlesstcg.nyc3.cdn.digitaloceanspaces.com/tpc/MC/MC_476_R_JP_LG.png
Zweilous,MC,477,D Stage 1,,https://limitlesstcg.nyc3.cdn.digitaloceanspaces.com/tpc/MC/MC_477_R_JP_LG.png
Hydreigon ex,MC,478,D Stage 2,,https://limitlesstcg.nyc3.cdn.digitaloceanspaces.com/tpc/MC/MC_478_R_JP_LG.png
Pangoro,MC,479,D Stage 1,,https://limitlesstcg.nyc3.cdn.digitaloceanspaces.com/tpc/MC/MC_479_R_JP_LG.png
Yveltal,MC,480,D Basic,,https://limitlesstcg.nyc3.cdn.digitaloceanspaces.com/tpc/MC/MC_480_R_JP_LG.png
Yveltal,MC,481,D Basic,,https://limitlesstcg.nyc3.cdn.digitaloceanspaces.com/tpc/MC/MC_481_R_JP_LG.png
Hoopa,MC,482,D Basic,,https://limitlesstcg.nyc3.cdn.digitaloceanspaces.com/tpc/MC/MC_482_R_JP_LG.png
Arven's Maschiff,MC,483,D Basic,,
Arven's Mabosstiff ex,MC,484,D Stage 1,,https://limitlesstcg.nyc3.cdn.digitaloceanspaces.com/tpc/MC/MC_484_R_JP_LG.png
Bombirdier,MC,485,D Basic,,https://limitlesstcg.nyc3.cdn.digitaloceanspaces.com/tpc/MC/MC_485_R_JP_LG.png
Farigiraf ex,MC,486,D Stage 1,,https://limitlesstcg.nyc3.cdn.digitaloceanspaces.com/tpc/MC/MC_486_R_JP_LG.png
Brute Bonnet,MC,487,D Basic,,https://limitlesstcg.nyc3.cdn.digitaloceanspaces.com/tpc/MC/MC_487_R_JP_LG.png
Okidogi ex,MC,488,D Basic,,https://limitlesstcg.nyc3.cdn.digitaloceanspaces.com/tpc/MC/MC_488_R_JP_LG.png
Fezandipiti ex,MC,489,D Basic,,https://limitlesstcg.nyc3.cdn.digitaloceanspaces.com/tpc/MC/MC_489_R_JP_LG.png
Pecharunt,MC,490,D Basic,,https://limitlesstcg.nyc3.cdn.digitaloceanspaces.com/tpc/MC/MC_490_R_JP_LG.png
Pecharunt ex,MC,491,D Basic,,https://limitlesstcg.nyc3.cdn.digitaloceanspaces.com/tpc/MC/MC_491_R_JP_LG.png
Scizor ex,MC,492,M Stage 1,,https://limitlesstcg.nyc3.cdn.digitaloceanspaces.com/tpc/MC/MC_492_R_JP_LG.png
Skarmory,MC,493,M Basic,,https://limitlesstcg.nyc3.cdn.digitaloceanspaces.com/tpc/MC/MC_493_R_JP_LG.png
Steven's Skarmory,MC,494,M Basic,,https://limitlesstcg.nyc3.cdn.digitaloceanspaces.com/tpc/MC/MC_494_R_JP_LG.png
Mawile,MC,495,M Basic,,https://limitlesstcg.nyc3.cdn.digitaloceanspaces.com/tpc/MC/MC_495_R_JP_LG.png
Beldum,MC,496,M Basic,,https://limitlesstcg.nyc3.cdn.digitaloceanspaces.com/tpc/MC/MC_496_R_JP_LG.png
Metang,MC,497,M Stage 1,,https://limitlesstcg.nyc3.cdn.digitaloceanspaces.com/tpc/MC/MC_497_R_JP_LG.png
Registeel,MC,498,M Basic,,https://limitlesstcg.nyc3.cdn.digitaloceanspaces.com/tpc/MC/MC_498_R_JP_LG.png
Registeel ex,MC,499,M Basic,,https://limitlesstcg.nyc3.cdn.digitaloceanspaces.com/tpc/MC/MC_499_R_JP_LG.png
Bronzor,MC,500,M Basic,,https://limitlesstcg.nyc3.cdn.digitaloceanspaces.com/tpc/MC/MC_500_R_JP_LG.png
Bronzong,MC,501,M Stage 1,,
Dialga,MC,502,M Basic,,https://limitlesstcg.nyc3.cdn.digitaloceanspaces.com/tpc/MC/MC_502_R_JP_LG.png
Heatran,MC,503,M Basic,,https://limitlesstcg.nyc3.cdn.digitaloceanspaces.com/tpc/MC/MC_503_R_JP_LG.png
Escavalier,MC,504,M Stage 1,,https://limitlesstcg.nyc3.cdn.digitaloceanspaces.com/tpc/MC/MC_504_R_JP_LG.png
Escavalier,MC,505,M Stage 1,,https://limitlesstcg.nyc3.cdn.digitaloceanspaces.com/tpc/MC/MC_505_R_JP_LG.png
Klink,MC,506,M Basic,,https://limitlesstcg.nyc3.cdn.digitaloceanspaces.com/tpc/MC/MC_506_R_JP_LG.png
Klang,MC,507,M Stage 1,,https://limitlesstcg.nyc3.cdn.digitaloceanspaces.com/tpc/MC/MC_507_R_JP_LG.png
Klinklang,MC,508,M Stage 2,,https://limitlesstcg.nyc3.cdn.digitaloceanspaces.com/tpc/MC/MC_508_R_JP_LG.png
Galarian Stunfisk,MC,509,M Basic,,https://limitlesstcg.nyc3.cdn.digitaloceanspaces.com/tpc/MC/MC_509_R_JP_LG.png
Pawniard,MC,510,M Basic,,
Bisharp,MC,511,M Stage 1,,https://limitlesstcg.nyc3.cdn.digitaloceanspaces.com/tpc/MC/MC_511_R_JP_LG.png
Genesect ex,MC,512,M Basic,,
Klefki,MC,513,M Basic,,https://limitlesstcg.nyc3.cdn.digitaloceanspaces.com/tpc/MC/MC_513_R_JP_LG.png
Togedemaru ex,MC,514,M Basic,,https://limitlesstcg.nyc3.cdn.digitaloceanspaces.com/tpc/MC/MC_514_R_JP_LG.png
Magearna,MC,515,M Basic,,https://limitlesstcg.nyc3.cdn.digitaloceanspaces.com/tpc/MC/MC_515_R_JP_LG.png
Meltan,MC,516,M Basic,,https://limitlesstcg.nyc3.cdn.digitaloceanspaces.com/tpc/MC/MC_516_R_JP_LG.png
Meltan,MC,517,M Basic,,https://limitlesstcg.nyc3.cdn.digitaloceanspaces.com/tpc/MC/MC_517_R_JP_LG.png
Melmetal,MC,518,M Stage 1,,https://limitlesstcg.nyc3.cdn.digitaloceanspaces.com/tpc/MC/MC_518_R_JP_LG.png
Melmetal ex,MC,519,M Stage 1,,
Hop's Corviknight,MC,520,M Stage 2,,
Cufant,MC,521,M Basic,,https://limitlesstcg.nyc3.cdn.digitaloceanspaces.com/tpc/MC/MC_521_R_JP_LG.png
Copperajah,MC,522,M Stage 1,,https://limitlesstcg.nyc3.cdn.digitaloceanspaces.com/tpc/MC/MC_522_R_JP_LG.png
Duraludon,MC,523,M Basic,,https://limitlesstcg.nyc3.cdn.digitaloceanspaces.com/tpc/MC/MC_523_R_JP_LG.png
Duraludon,MC,524,M Basic,,https://limitlesstcg.nyc3.cdn.digitaloceanspaces.com/tpc/MC/MC_524_R_JP_LG.png
Archaludon,MC,525,M Stage 1,,
Archaludon ex,MC,526,M Stage 1,,
Hop's Zacian ex,MC,527,M Basic,,
Tinkatink,MC,528,M Basic,,
Tinkatuff,MC,529,M Stage 1,,
Tinkaton,MC,530,M Stage 2,,
Varoom,MC,531,M Basic,,
Revavroom,MC,532,M Stage 1,,
Orthworm ex,MC,533,M Basic,,
Gholdengo,MC,534,M Stage 1,,
Gholdengo,MC,535,M Stage 1,,
Iron Crown,MC,536,M Basic,,
Alolan Exeggutor ex,MC,537,N Stage 1,,
Bagon,MC,538,N Basic,,
Shelgon,MC,539,N Stage 1,,
Salamence ex,MC,540,N Stage 2,,
Axew,MC,541,N Basic,,
Fraxure,MC,542,N Stage 1,,
Haxorus,MC,543,N Stage 2,,
Druddigon,MC,544,N Basic,,
N's Reshiram,MC,545,N Basic,,
Dreepy,MC,546,N Basic,,
Drakloak,MC,547,N Stage 1,,
Dragapult ex,MC,548,N Stage 2,,
Tatsugiri,MC,549,N Basic,,
Koraidon,MC,550,N Basic,,
Koraidon ex,MC,551,N Basic,,
Miraidon,MC,552,N Basic,,
Miraidon ex,MC,553,N Basic,,
Raging Bolt ex,MC,554,N Basic,,
Team Rocket's Rattata,MC,555,C Basic,,
Team Rocket's Raticate,MC,556,C Stage 1,,
Spearow,MC,557,C Basic,,
Fearow,MC,558,C Stage 1,,
Team Rocket's Meowth,MC,559,C Basic,,
Team Rocket's Persian ex,MC,560,C Stage 1,,
Chansey,MC,561,C Basic,,
Blissey ex,MC,562,C Stage 1,,
Tauros,MC,563,C Basic,,
Eevee,MC,564,C Basic,,
Eevee,MC,565,C Basic,,
Eevee ex,MC,566,C Basic,,
Snorlax,MC,567,C Basic,,
Snorlax,MC,568,C Basic,,
Hop's Snorlax,MC,569,C Basic,,
Sentret,MC,570,C Basic,,
Furret,MC,571,C Stage 1,,
Hoothoot,MC,572,C Basic,,
Noctowl,MC,573,C Stage 1,,
Dunsparce,MC,574,C Basic,,
Dudunsparce ex,MC,575,C Stage 1,,
Larry's Dunsparce,MC,576,C Basic,,
Larry's Dudunsparce ex,MC,577,C Stage 1,,
Miltank,MC,578,C Basic,,
Taillow,MC,579,C Basic,,
Swellow,MC,580,C Stage 1,,
Slakoth,MC,581,C Basic,,
Vigoroth,MC,582,C Stage 1,,
Slaking ex,MC,583,C Stage 2,,
Skitty,MC,584,C Basic,,
Skitty,MC,585,C Basic,,
Delcatty,MC,586,C Stage 1,,
Zangoose,MC,587,C Basic,,
Zangoose ex,MC,588,C Basic,,
Tropius,MC,589,C Basic,,
Larry's Starly,MC,590,C Basic,,
Larry's Staravia,MC,591,C Stage 1,,
Larry's Staraptor,MC,592,C Stage 2,,
Buneary,MC,593,C Basic,,
Lopunny,MC,594,C Stage 1,,
Glameow,MC,595,C Basic,,
Purugly,MC,596,C Stage 1,,
Chatot,MC,597,C Basic,,
Pidove,MC,598,C Basic,,
Tranquill,MC,599,C Stage 1,,
Unfezant,MC,600,C Stage 2,,
Audino,MC,601,C Basic,,
Mega Audino ex,MC,602,C Basic,,
Minccino,MC,603,C Basic,,
Cinccino,MC,604,C Stage 1,,
Bouffalant ex,MC,605,C Basic,,
Rufflet,MC,606,C Basic,,
Braviary,MC,607,C Stage 1,,
Larry's Rufflet,MC,608,C Basic,,
Larry's Braviary,MC,609,C Stage 1,,
Tornadus,MC,610,C Basic,,
Furfrou,MC,611,C Basic,,
Furfrou,MC,612,C Basic,,
Hawlucha,MC,613,C Basic,,
Noibat,MC,614,C Basic,,
Noivern,MC,615,C Stage 1,,
Stufful,MC,616,C Basic,,
Bewear,MC,617,C Stage 1,,
Oranguru,MC,618,C Basic,,
Larry's Komala,MC,619,C Basic,,
Drampa,MC,620,C Basic,,
Drampa,MC,621,C Basic,,
Hop's Rookidee,MC,622,C Basic,,
Hop's Corvisquire,MC,623,C Stage 1,,
Hop's Cramorant,MC,624,C Basic,,
Bloodmoon Ursaluna ex,MC,625,C Basic,,
Squawkabilly,MC,626,C Basic,,
Cyclizar,MC,627,C Basic,,
Iron Jugulis,MC,628,C Basic,,
Terapagos,MC,629,C Basic,,
Terapagos ex,MC,630,C Basic,,
Iron Defender,MC,631,Item,,
Suspicious Clock,MC,632,Item,,
Unfair Stamp,MC,633,Item,,
Super Potion,MC,634,Item,,
N's PP Up,MC,635,Item,,
Energy Retrieval,MC,636,Item,,
Energy Coin,MC,637,Item,,
Energy Switch,MC,638,Item,,
Energy Search,MC,639,Item,,
Ogre's Mask,MC,641,Item,,
Awakening Drum,MC,642,Item,,
Potion,MC,643,Item,,
Crushing Hammer,MC,644,Item,,
Deduction Kit,MC,645,Item,,
Dangerous Laser,MC,647,Item,,
Buddy-Buddy Poffin,MC,648,Item,,
Chill Teaser Toy,MC,649,Item,,
Hyper Aroma,MC,650,Item,,
Ultra Ball,MC,651,Item,,
Premium Power Pro,MC,652,Item,,
Hand Trimmer,MC,653,Item,,
Fight Gong,MC,654,Item,,
Rare Candy,MC,655,Item,,
Prime Catcher,MC,656,Item,,
Antique Plume Fossil,MC,657,Item,,
Precious Carrier,MC,658,Item,,
Arven's Sandwich,MC,659,Item,,
Pokegear,MC,660,Item,,
Poké-Vital A,MC,661,Item,,
Poké Pad,MC,662,Item,,
Switch,MC,663,Item,,
Scoop Up Cyclone,MC,664,Item,,
Pokemon Catcher,MC,665,Item,,
Hop's Bag,MC,666,Item,,
Bug Catching Set,MC,667,Item,,
Repel,MC,668,Item,,
Nightly Stretcher,MC,670,Item,,
Reboot Pod,MC,671,Item,,
Dragon Potion,MC,672,Item,,
Team Rocket's Great Ball,MC,673,Item,,
Team Rocket's Surprise Bomb,MC,674,Item,,
Team Rocket's Receiver,MC,675,Item,,
Passho Berry,MC,676,Tool,,
Payapa Berry,MC,677,Tool,,
Occa Berry,MC,678,Tool,,
Counter Gain,MC,679,Tool,,
Sparkling Crystal,MC,680,Tool,,
Binding Mochi,MC,681,Tool,,
Cynthia's Power Weight,MC,682,Tool,,
Hourglass of Power,MC,683,Tool,,
Deluxe Bomb,MC,684,Tool,,
Colbur Berry,MC,685,Tool,,
Haban Berry,MC,686,Tool,,
Hero's Cape,MC,687,Tool,,
Balloon,MC,688,Tool,,
Brave Bangle,MC,689,Tool,,
Hop's Choice Band,MC,690,Tool,,
Maximum Belt,MC,691,Tool,,
Lillie's Pearl,MC,692,Tool,,
Babiri Berry,MC,693,Tool,,
Iris's Fighting Spirit,MC,694,Supporter,,
Larry's Efficiency,MC,695,Supporter,,
Crispin,MC,696,Supporter,,
Acerola's Mischief,MC,697,Supporter,,
Ciphermaniac's Codebreaking,MC,698,Supporter,,
Janine's Secret Technique,MC,699,Supporter,,
Waitress,MC,700,Supporter,,
N's Plot,MC,701,Supporter,,
Urbain,MC,702,Supporter,,
Drayton,MC,703,Supporter,,
Black Belt's Training,MC,704,Supporter,,
Xerosic's Scheme,MC,705,Supporter,,
Cook,MC,706,Supporter,,
Lucian,MC,707,Supporter,,
Surfer,MC,708,Supporter,,
Perrin,MC,709,Supporter,,
Clemont's Quick Wit,MC,710,Supporter,,
Judge,MC,711,Supporter,,
Lana's Assistance,MC,712,Supporter,,
Kieran,MC,713,Supporter,,
Salvatore,MC,714,Supporter,,
Carmine,MC,715,Supporter,,
Lacey,MC,716,Supporter,,
Explorer's Guidance,MC,717,Supporter,,
Hilda,MC,718,Supporter,,
Drasna,MC,719,Supporter,,
Kofu,MC,720,Supporter,,
Hassel,MC,721,Supporter,,
Briar,MC,722,Supporter,,
Bianca's Devotion,MC,723,Supporter,,
Boss's Command,MC,724,Supporter,,
Fennel,MC,725,Supporter,,
Lt. Surge's Deal,MC,726,Supporter,,
Morty's Confidence,MC,727,Supporter,,
Jasmine's Gaze,MC,728,Supporter,,
Lillie's Determination,MC,729,Supporter,,
Lisia's Appeal,MC,730,Supporter,,
Team Rocket's Ariana,MC,731,Supporter,,
Team Rocket's Archer,MC,732,Supporter,,
Team Rocket's Giovanni,MC,733,Supporter,,
Team Rocket's Petrel,MC,734,Supporter,,
Team Rocket's Proton,MC,735,Supporter,,
Ignition Energy,MC,736,Special Energy,,
Spike Energy,MC,737,Special Energy,,
Boomerang Energy,MC,738,Special Energy,,
Prism Energy,MC,739,Special Energy,,
Rich Energy,MC,740,Special Energy,,
Legacy Energy,MC,741,Special Energy,,
Team Rocket's Energy,MC,742,Special Energy,,
Erika's Tangela,MC,743,G Basic,,
Salazzle,MC,744,R Stage 1,,
Scorbunny,MC,745,R Basic,,
Weavile,MC,746,W Stage 1,,
Vikavolt,MC,747,L Stage 2,,
Marill,MC,748,P Basic,,
Banette,MC,749,P Stage 1,,
Slurpuff,MC,750,P Stage 1,,
Hitmontop,MC,751,F Basic,,
Carbink,MC,752,F Basic,,
Mightyena,MC,753,D Stage 1,,
Mawile,MC,754,M Basic,,
Eevee,MC,755,C Basic,,
Larry's Staraptor,MC,756,C Stage 2,,
Sprigatito ex,MC,757,G Basic,,
Stunfisk ex,MC,758,F Basic,,
Mega Audino ex,MC,759,C Basic,,
Boss's Command,MC,760,Supporter,,
Mega Meganium ex,MC,761,G Stage 2,,
Mega Emboar ex,MC,762,R Stage 2,,
Mega Feraligatr ex,MC,763,W Stage 2,,
Pikachu ex,MC,764,L Basic,,
Lillie's Clefairy ex,MC,765,P Basic,,
Mega Charizard Y ex,MC,766,R Stage 2,,
Durant,MP1,1,G Basic,,
Virizion,MP1,2,G Basic,,
Sprigatito,MP1,3,G Basic,,
Floragato,MP1,4,G Stage 1,,
Meowscarada,MP1,5,G Stage 2,,
Pikachu ex,MP1,6,L Basic,,
Emolga,MP1,7,L Basic,,
Yamper,MP1,8,L Basic,,
Boltund,MP1,9,L Stage 1,,
Tadbulb,MP1,10,L Basic,,
Bellibolt,MP1,11,L Stage 1,,
Snorlax,MP1,12,C Basic,,
Potion,MP1,13,Item,,
Ultra Ball,MP1,14,Item,,
Poké Pad,MP1,15,Item,,
Switch,MP1,16,Item,,
Pokemon Catcher,MP1,17,Item,,
Iris's Fighting Spirit,MP1,18,Supporter,,
Influencer's Presentation,MP1,19,Supporter,,
Waitress,MP1,20,Supporter,,
Urbain,MP1,21,Supporter,,
Judge,MP1,22,Supporter,,
Lillie's Determination,MP1,23,Supporter,,
Ethan's Pinsir,M2a,1,G Basic,,
Yanma,M2a,2,G Basic,,
Yanmega ex,M2a,3,G Stage 1,,
Wurmple,M2a,4,G Basic,,
Silcoon,M2a,5,G Stage 1,,
Beautifly,M2a,6,G Stage 2,,
Cascoon,M2a,7,G Stage 1,,
Dustox,M2a,8,G Stage 2,,
Cynthia's Roselia,M2a,9,G Basic,,
Cynthia's Roserade,M2a,10,G Stage 1,,
Budew,M2a,11,G Basic,,
Shaymin,M2a,12,G Basic,,
Dwebble,M2a,13,G Basic,,
Crustle,M2a,14,G Stage 1,,
Team Rocket's Tarountula,M2a,15,G Basic,,
Team Rocket's Spidops,M2a,16,G Stage 1,,
Teal Mask Ogerpon ex,M2a,17,G Basic,,
Ethan's Slugma,M2a,18,R Basic,,
Ethan's Magcargo,M2a,19,R Stage 1,,
Entei,M2a,20,R Basic,,
Ethan's Ho-Oh ex,M2a,21,R Basic,,
Numel,M2a,22,R Basic,,
Camerupt,M2a,23,R Stage 1,,
Tepig,M2a,24,R Basic,,
Pignite,M2a,25,R Stage 1,,
Emboar,M2a,26,R Stage 2,,
N's Darumaka,M2a,27,R Basic,,
N's Darmanitan,M2a,28,R Stage 1,,
Reshiram ex,M2a,29,R Basic,,
Charcadet,M2a,30,R Basic,,
Ceruledge ex,M2a,31,R Stage 1,,
Psyduck,M2a,32,W Basic,,
Golduck,M2a,33,W Stage 1,,
Team Rocket's Articuno,M2a,34,W Basic,,
Snorunt,M2a,35,W Basic,,
Mega Froslass ex,M2a,36,W Stage 1,,
N's Vanillite,M2a,37,W Basic,,
N's Vanillish,M2a,38,W Stage 1,,
N's Vanilluxe,M2a,39,W Stage 2,,
Snom,M2a,40,W Basic,,
Frosmoth,M2a,41,W Stage 1,,
Glastrier,M2a,42,W Basic,,
Chien-Pao,M2a,43,W Basic,,
Pikachu ex,M2a,44,L Basic,,
Magnemite,M2a,45,L Basic,,
Magneton,M2a,46,L Stage 1,,
Tynamo,M2a,47,L Basic,,
Eelektrik,M2a,48,L Stage 1,,
Mega Eelektross ex,M2a,49,L Stage 2,,
Stunfisk,M2a,50,L Basic,,
Zekrom ex,M2a,51,L Basic,,
Helioptile,M2a,52,L Basic,,
Heliolisk,M2a,53,L Stage 1,,
Tapu Koko,M2a,54,L Basic,,
Zeraora,M2a,55,L Basic,,
Iono's Tadbulb,M2a,56,L Basic,,
Iono's Bellibolt ex,M2a,57,L Stage 1,,
Iono's Wattrel,M2a,58,L Basic,,
Iono's Kilowattrel,M2a,59,L Stage 1,,
Lillie's Clefairy ex,M2a,60,P Basic,,
Team Rocket's Exeggcute,M2a,61,P Basic,,
Team Rocket's Exeggutor,M2a,62,P Stage 1,,
Team Rocket's Mewtwo ex,M2a,63,P Basic,,
Togepi,M2a,64,P Basic,,
Togetic,M2a,65,P Stage 1,,
Togekiss,M2a,66,P Stage 2,,
Misdreavus,M2a,67,P Basic,,
Mismagius,M2a,68,P Stage 1,,
Ralts,M2a,69,P Basic,,
Kirlia,M2a,70,P Stage 1,,
Mega Gardevoir ex,M2a,71,P Stage 2,,
Duskull,M2a,72,P Basic,,
Dusclops,M2a,73,P Stage 1,,
Dusknoir,M2a,74,P Stage 2,,
Latias ex,M2a,75,P Basic,,
Rotom,M2a,76,P Basic,,
Hop's Phantump,M2a,77,P Basic,,
Hop's Trevenant,M2a,78,P Stage 1,,
Team Rocket's Mimikyu,M2a,79,P Basic,,
Spectrier,M2a,80,P Basic,,
Munkidori,M2a,81,P Basic,,
Team Rocket's Diglett,M2a,82,F Basic,,
Team Rocket's Dugtrio,M2a,83,F Stage 1,,
Meditite,M2a,84,F Basic,,
Medicham,M2a,85,F Stage 1,,
Lunatone,M2a,86,F Basic,,
Solrock,M2a,87,F Basic,,
Cynthia's Gible,M2a,88,F Basic,,
Cynthia's Gabite,M2a,89,F Stage 1,,
Cynthia's Garchomp ex,M2a,90,F Stage 2,,
Riolu,M2a,91,F Basic,,
Mega Lucario ex,M2a,92,F Stage 1,,
Pancham,M2a,93,F Basic,,
Mega Hawlucha ex,M2a,94,F Basic,,
Rolycoly,M2a,95,F Basic,,
Carkol,M2a,96,F Stage 1,,
Coalossal,M2a,97,F Stage 2,,
Okidogi,M2a,98,F Basic,,
Team Rocket's Zubat,M2a,99,D Basic,,
Team Rocket's Golbat,M2a,100,D Stage 1,,
Team Rocket's Crobat ex,M2a,101,D Stage 2,,
Team Rocket's Murkrow,M2a,102,D Basic,,
Team Rocket's Honchkrow,M2a,103,D Stage 1,,
Team Rocket's Sneasel,M2a,104,D Basic,,
Galarian Zigzagoon,M2a,105,D Basic,,
Galarian Linoone,M2a,106,D Stage 1,,
Galarian Obstagoon,M2a,107,D Stage 2,,
Cynthia's Spiritomb,M2a,108,D Basic,,
Scraggy,M2a,109,D Basic,,
Mega Scrafty ex,M2a,110,D Stage 1,,
N's Zorua,M2a,111,D Basic,,
N's Zoroark ex,M2a,112,D Stage 1,,
Pangoro,M2a,113,D Stage 1,,
Fezandipiti ex,M2a,114,D Basic,,
Pecharunt,M2a,115,D Basic,,
Pawniard,M2a,116,M Basic,,
Bisharp,M2a,117,M Stage 1,,
Kingambit,M2a,118,M Stage 2,,
Genesect ex,M2a,119,M Basic,,
Magearna,M2a,120,M Basic,,
Duraludon,M2a,121,M Basic,,
Archaludon ex,M2a,122,M Stage 1,,
Hop's Zacian ex,M2a,123,M Basic,,
Dratini,M2a,124,N Basic,,
Dragonair,M2a,125,N Stage 1,,
Mega Dragonite ex,M2a,126,N Stage 2,,
Rayquaza,M2a,127,N Basic,,
N's Reshiram,M2a,128,N Basic,,
N's Zekrom,M2a,129,N Basic,,
Noibat,M2a,130,N Basic,,
Noivern,M2a,131,N Stage 1,,
Dreepy,M2a,132,N Basic,,
Drakloak,M2a,133,N Stage 1,,
Dragapult ex,M2a,134,N Stage 2,,
Tatsugiri,M2a,135,N Basic,,
Hop's Snorlax,M2a,136,C Basic,,
Hoothoot,M2a,137,C Basic,,
Noctowl,M2a,138,C Stage 1,,
Fan Rotom,M2a,139,C Basic,,
Bouffalant,M2a,140,C Basic,,
Hop's Wooloo,M2a,141,C Basic,,
Hop's Dubwool,M2a,142,C Stage 1,,
Hop's Cramorant,M2a,143,C Basic,,
Terapagos,M2a,144,C Basic,,
Terapagos ex,M2a,145,C Basic,,
N's PP Up,M2a,146,Item,,
Enhanced Hammer,M2a,148,Item,,
Glass Trumpet,M2a,149,Item,,
Sacred Ash,M2a,150,Item,,
Tool Scrapper,M2a,151,Item,,
Tera Orb,M2a,152,Item,,
Buddy-Buddy Poffin,M2a,153,Item,,
Premium Power Pro,M2a,154,Item,,
Fight Gong,M2a,155,Item,,
Hop's Bag,M2a,156,Item,,
Bug Catching Set,M2a,157,Item,,
Mega Signal,M2a,158,Item,,
Nightly Stretcher,M2a,159,Item,,
Team Rocket's Receiver,M2a,160,Item,,
Counter Gain,M2a,161,Tool,,
Cynthia's Power Weight,M2a,162,Tool,,
Light Ball,M2a,163,Tool,,
Thick Scales,M2a,164,Tool,,
Balloon,M2a,165,Tool,,
Brave Bangle,M2a,166,Tool,,
Hop's Choice Band,M2a,167,Tool,,
Iris's Fighting Spirit,M2a,168,Supporter,,
Acerola's Mischief,M2a,169,Supporter,,
Canari,M2a,170,Supporter,,
Surfer,M2a,171,Supporter,,
Hilda,M2a,172,Supporter,,
Anthea & Concordia,M2a,173,Supporter,,
Ethan's Adventure,M2a,174,Supporter,,
Lillie's Determination,M2a,175,Supporter,,
Team Rocket's Ariana,M2a,176,Supporter,,
Team Rocket's Archer,M2a,177,Supporter,,
Team Rocket's Giovanni,M2a,178,Supporter,,
Team Rocket's Petrel,M2a,179,Supporter,,
Team Rocket's Proton,M2a,180,Supporter,,
N's Castle,M2a,181,Stadium,,
Forest of Vitality,M2a,182,Stadium,,
Gravity Mountain,M2a,183,Stadium,,
Area Zero Underdepths,M2a,184,Stadium,,
Levincia,M2a,185,Stadium,,
Postwick,M2a,186,Stadium,,
Mystery Garden,M2a,187,Stadium,,
Night Mine,M2a,188,Stadium,,
Team Rocket's Watchtower,M2a,189,Stadium,,
Team Rocket's Factory,M2a,190,Stadium,,
Ignition Energy,M2a,191,Special Energy,,
Prism Energy,M2a,192,Special Energy,,
Team Rocket's Energy,M2a,193,Special Energy,,
Beautifly,M2a,194,G Stage 2,,
Dustox,M2a,195,G Stage 2,,
Budew,M2a,196,G Basic,,
Ethan's Magcargo,M2a,197,R Stage 1,,
Numel,M2a,198,R Basic,,
Psyduck,M2a,199,W Basic,,
Snorunt,M2a,200,W Basic,,
Heliolisk,M2a,201,L Stage 1,,
Misdreavus,M2a,202,P Basic,,
Togekiss,M2a,203,P Stage 2,,
Hop's Trevenant,M2a,204,P Stage 1,,
Team Rocket's Mimikyu,M2a,205,P Basic,,
Team Rocket's Dugtrio,M2a,206,F Stage 1,,
Medicham,M2a,207,F Stage 1,,
Cynthia's Spiritomb,M2a,208,D Basic,,
Galarian Obstagoon,M2a,209,D Stage 2,,
N's Zekrom,M2a,210,N Basic,,
Dreepy,M2a,211,N Basic,,
Drakloak,M2a,212,N Stage 1,,
Fan Rotom,M2a,213,C Basic,,
N's PP Up,M2a,214,Item,,
Glass Trumpet,M2a,215,Item,,
Ultra Ball,M2a,216,Item,,
Team Rocket's Receiver,M2a,217,Item,,
Counter Gain,M2a,218,Tool,,
Canari,M2a,219,Supporter,,
Black Belt's Training,M2a,220,Supporter,,
Anthea & Concordia,M2a,221,Supporter,,
Jamming Tower,M2a,222,Stadium,,
Mega Charizard X ex,M2a,223,R Stage 2,,
Mega Froslass ex,M2a,224,W Stage 1,,
Mega Eelektross ex,M2a,225,L Stage 2,,
Mega Gardevoir ex,M2a,226,P Stage 2,,
Mega Diancie ex,M2a,227,P Basic,,
Mega Lucario ex,M2a,228,F Stage 1,,
Mega Hawlucha ex,M2a,229,F Basic,,
Mega Gengar ex,M2a,230,D Stage 2,,
Mega Scrafty ex,M2a,231,D Stage 1,,
Mega Dragonite ex,M2a,232,N Stage 2,,
Mega Froslass ex,M2a,233,W Stage 1,,
Pikachu ex,M2a,234,L Basic,,
Mega Eelektross ex,M2a,235,L Stage 2,,
Iono's Bellibolt ex,M2a,236,L Stage 1,,
Team Rocket's Mewtwo ex,M2a,237,P Basic,,
Mega Diancie ex,M2a,238,P Basic,,
Mega Hawlucha ex,M2a,239,F Basic,,
Mega Gengar ex,M2a,240,D Stage 2,,
Mega Scrafty ex,M2a,241,D Stage 1,,
N's Zoroark ex,M2a,242,D Stage 1,,
Marnie's Grimmsnarl ex,M2a,243,D Stage 2,,
Fezandipiti ex,M2a,244,D Basic,,
Steven's Metagross ex,M2a,245,M Stage 2,,
Mega Dragonite ex,M2a,246,N Stage 2,,
Iris's Fighting Spirit,M2a,247,Supporter,,
Canari,M2a,248,Supporter,,
Surfer,M2a,249,Supporter,,
Mega Dragonite ex,M2a,250,N Stage 2,,
