deck_name;opponent;win_rate;record;total_games
Dragapult Dusknoir;Alakazam Dudunsparce;62,91;665 - 392 - 21;1078
Dragapult Dusknoir;Charizard Noctowl;60,41;798 - 523 - 33;1354
Dragapult Dusknoir;Mega Venusaur;57,4;221 - 164 - 10;395
Dragapult Dusknoir;Charizard Pidgeot;57,01;561 - 423 - 23;1007
Dragapult Dusknoir;Greninja;55,72;224 - 178 - 7;409
Dragapult Dusknoir;Lopunny Dusknoir;55,26;294 - 238 - 3;535
Dragapult Dusknoir;Raging Bolt Ogerpon;51,9;369 - 342 - 14;725
Dragapult Dusknoir;Sharpedo Toxtricity;51,64;157 - 147 - 2;306
Dragapult Dusknoir;Dragapult Charizard;50,76;299 - 290 - 14;603
Dragapult Dusknoir;Lucario Hariyama;50,39;195 - 192 - 9;396
Dragapult Dusknoir;Dragapult Dusknoir;50,0;1561 - 1561 - 60;3182
Dragapult Dusknoir;Tera Box;49,37;195 - 200 - 8;403
Dragapult Dusknoir;N's Zoroark;49,28;479 - 493 - 23;995
Dragapult Dusknoir;Ceruledge;49,03;278 - 289 - 11;578
Dragapult Dusknoir;Gardevoir Jellicent;47,22;569 - 636 - 28;1233
Dragapult Dusknoir;Grimmsnarl Froslass;45,21;514 - 623 - 27;1164
Dragapult Dusknoir;Gholdengo Lunatone;44,34;1034 - 1298 - 56;2388
Dragapult Dusknoir;Mega Absol Box;43,69;464 - 598 - 35;1097
Dragapult Dusknoir;Kangaskhan Bouffalant;43,67;345 - 445 - 25;815
Dragapult Dusknoir;Gardevoir;41,23;341 - 486 - 14;841
Gholdengo Lunatone;Sharpedo Toxtricity;67,84;173 - 82 - 1;256
Gholdengo Lunatone;Lopunny Dusknoir;64,68;304 - 166 - 7;477
Gholdengo Lunatone;Lucario Hariyama;61,66;156 - 97 - 7;260
Gholdengo Lunatone;Mega Venusaur;61,19;164 - 104 - 6;274
Gholdengo Lunatone;N's Zoroark;58,94;445 - 310 - 23;778
Gholdengo Lunatone;Dragapult Dusknoir;55,66;1298 - 1034 - 56;2388
Gholdengo Lunatone;Greninja;53,64;140 - 121 - 10;271
Gholdengo Lunatone;Kangaskhan Bouffalant;53,44;396 - 345 - 18;759
Gholdengo Lunatone;Charizard Pidgeot;53,05;435 - 385 - 15;835
Gholdengo Lunatone;Raging Bolt Ogerpon;52,64;279 - 251 - 11;541
Gholdengo Lunatone;Mega Absol Box;52,45;428 - 388 - 22;838
Gholdengo Lunatone;Grimmsnarl Froslass;52,32;394 - 359 - 26;779
Gholdengo Lunatone;Tera Box;51,41;182 - 172 - 6;360
Gholdengo Lunatone;Gardevoir Jellicent;50,79;517 - 501 - 63;1081
Gholdengo Lunatone;Gardevoir;50,64;315 - 307 - 31;653
Gholdengo Lunatone;Gholdengo Lunatone;50,0;1065 - 1065 - 42;2172
Gholdengo Lunatone;Charizard Noctowl;47,51;543 - 600 - 23;1166
Gholdengo Lunatone;Dragapult Charizard;46,3;194 - 225 - 8;427
Gholdengo Lunatone;Ceruledge;41,36;194 - 275 - 7;476
Gholdengo Lunatone;Alakazam Dudunsparce;38,53;336 - 536 - 13;885
Gardevoir Jellicent;Lucario Hariyama;76,92;100 - 30 - 1;131
Gardevoir Jellicent;Mega Venusaur;67,36;97 - 47 - 4;148
Gardevoir Jellicent;Greninja;64,86;96 - 52 - 2;150
Gardevoir Jellicent;Raging Bolt Ogerpon;61,79;173 - 107 - 6;286
Gardevoir Jellicent;Ceruledge;54,22;135 - 114 - 7;256
Gardevoir Jellicent;Tera Box;54,05;100 - 85 - 3;188
Gardevoir Jellicent;Dragapult Dusknoir;52,78;636 - 569 - 28;1233
Gardevoir Jellicent;Dragapult Charizard;52,5;105 - 95 - 10;210
Gardevoir Jellicent;Alakazam Dudunsparce;52,27;230 - 210 - 18;458
Gardevoir Jellicent;Gardevoir Jellicent;50,0;282 - 282 - 26;590
Gardevoir Jellicent;Gardevoir;49,57;174 - 177 - 14;365
Gardevoir Jellicent;Gholdengo Lunatone;49,21;501 - 517 - 63;1081
Gardevoir Jellicent;Lopunny Dusknoir;46,91;129 - 146 - 1;276
Gardevoir Jellicent;Kangaskhan Bouffalant;43,62;164 - 212 - 21;397
Gardevoir Jellicent;Charizard Pidgeot;43,27;196 - 257 - 27;480
Gardevoir Jellicent;Sharpedo Toxtricity;43,05;65 - 86 - 5;156
Gardevoir Jellicent;Mega Absol Box;42,29;192 - 262 - 18;472
Gardevoir Jellicent;Grimmsnarl Froslass;40,1;164 - 245 - 11;420
Gardevoir Jellicent;Charizard Noctowl;39,79;230 - 348 - 11;589
Gardevoir Jellicent;N's Zoroark;37,7;141 - 233 - 11;385
Charizard Noctowl;Sharpedo Toxtricity;62,62;67 - 40 - 2;109
Charizard Noctowl;Alakazam Dudunsparce;62,56;279 - 167 - 10;456
Charizard Noctowl;Ceruledge;61,38;151 - 95 - 3;249
Charizard Noctowl;Gardevoir;60,8;197 - 127 - 10;334
Charizard Noctowl;Tera Box;60,77;110 - 71 - 2;183
Charizard Noctowl;Gardevoir Jellicent;60,21;348 - 230 - 11;589
Charizard Noctowl;Lopunny Dusknoir;59,64;164 - 111 - 3;278
Charizard Noctowl;Charizard Pidgeot;58,35;241 - 172 - 13;426
Charizard Noctowl;Lucario Hariyama;55,32;78 - 63 - 3;144
Charizard Noctowl;Gholdengo Lunatone;52,49;600 - 543 - 23;1166
Charizard Noctowl;Raging Bolt Ogerpon;52,3;148 - 135 - 3;286
Charizard Noctowl;Mega Venusaur;52,15;85 - 78 - 1;164
Charizard Noctowl;Charizard Noctowl;50,0;323 - 323 - 24;670
Charizard Noctowl;Mega Absol Box;49,62;196 - 199 - 10;405
Charizard Noctowl;N's Zoroark;48,47;174 - 185 - 11;370
Charizard Noctowl;Greninja;48,0;72 - 78 - 4;154
Charizard Noctowl;Grimmsnarl Froslass;47,4;210 - 233 - 12;455
Charizard Noctowl;Kangaskhan Bouffalant;45,76;189 - 224 - 13;426
Charizard Noctowl;Dragapult Charizard;44,65;96 - 119 - 5;220
Charizard Noctowl;Dragapult Dusknoir;39,59;523 - 798 - 33;1354
Mega Absol Box;Gardevoir Jellicent;57,71;262 - 192 - 18;472
Mega Absol Box;Grimmsnarl Froslass;57,18;223 - 167 - 9;399
Mega Absol Box;Dragapult Dusknoir;56,31;598 - 464 - 35;1097
Mega Absol Box;Gardevoir;55,96;183 - 144 - 7;334
Mega Absol Box;Charizard Noctowl;50,38;199 - 196 - 10;405
Mega Absol Box;Mega Absol Box;50,0;233 - 233 - 26;492
Mega Absol Box;Tera Box;49,44;88 - 90 - 2;180
Mega Absol Box;Alakazam Dudunsparce;49,34;186 - 191 - 16;393
Mega Absol Box;Ceruledge;49,17;119 - 123 - 10;252
Mega Absol Box;Kangaskhan Bouffalant;49,03;152 - 158 - 14;324
Mega Absol Box;Dragapult Charizard;47,62;100 - 110 - 8;218
Mega Absol Box;Gholdengo Lunatone;47,55;388 - 428 - 22;838
Mega Absol Box;Charizard Pidgeot;47,18;176 - 197 - 17;390
Mega Absol Box;N's Zoroark;46,88;188 - 213 - 17;418
Mega Absol Box;Lopunny Dusknoir;44,24;96 - 121 - 1;218
Mega Absol Box;Greninja;41,67;50 - 70 - 4;124
Mega Absol Box;Sharpedo Toxtricity;41,59;47 - 66 - 2;115
Mega Absol Box;Mega Venusaur;39,52;49 - 75 - 3;127
Mega Absol Box;Lucario Hariyama;38,4;48 - 77 - 4;129
Mega Absol Box;Raging Bolt Ogerpon;36,7;98 - 169 - 14;281
N's Zoroark;Gardevoir Jellicent;62,3;233 - 141 - 11;385
N's Zoroark;Tera Box;56,77;88 - 67 - 3;158
N's Zoroark;Mega Absol Box;53,12;213 - 188 - 17;418
N's Zoroark;Alakazam Dudunsparce;52,89;183 - 163 - 4;350
N's Zoroark;Gardevoir;51,72;150 - 140 - 12;302
N's Zoroark;Greninja;51,69;61 - 57 - 2;120
N's Zoroark;Charizard Noctowl;51,53;185 - 174 - 11;370
N's Zoroark;Dragapult Dusknoir;50,72;493 - 479 - 23;995
N's Zoroark;N's Zoroark;50,0;223 - 223 - 16;462
N's Zoroark;Kangaskhan Bouffalant;48,12;141 - 152 - 7;300
N's Zoroark;Lopunny Dusknoir;47,5;76 - 84 - 2;162
N's Zoroark;Charizard Pidgeot;47,48;151 - 167 - 8;326
N's Zoroark;Dragapult Charizard;46,56;88 - 101 - 3;192
N's Zoroark;Grimmsnarl Froslass;45,54;153 - 183 - 11;347
N's Zoroark;Ceruledge;45,51;81 - 97 - 4;182
N's Zoroark;Gholdengo Lunatone;41,06;310 - 445 - 23;778
N's Zoroark;Raging Bolt Ogerpon;40,74;88 - 128 - 4;220
N's Zoroark;Lucario Hariyama;40,52;62 - 91 - 2;155
N's Zoroark;Sharpedo Toxtricity;35,24;37 - 68 - 1;106
N's Zoroark;Mega Venusaur;34,67;52 - 98 - 0;150
Alakazam Dudunsparce;Ceruledge;73,68;154 - 55 - 2;211
Alakazam Dudunsparce;Kangaskhan Bouffalant;71,3;246 - 99 - 4;349
Alakazam Dudunsparce;Raging Bolt Ogerpon;61,84;141 - 87 - 5;233
Alakazam Dudunsparce;Gholdengo Lunatone;61,47;536 - 336 - 13;885
Alakazam Dudunsparce;Lucario Hariyama;60,49;98 - 64 - 3;165
Alakazam Dudunsparce;Sharpedo Toxtricity;60,0;72 - 48 - 2;122
Alakazam Dudunsparce;Mega Venusaur;59,42;82 - 56 - 2;140
Alakazam Dudunsparce;Tera Box;55,92;85 - 67 - 4;156
Alakazam Dudunsparce;Lopunny Dusknoir;52,46;96 - 87 - 1;184
Alakazam Dudunsparce;Mega Absol Box;50,66;191 - 186 - 16;393
Alakazam Dudunsparce;Charizard Pidgeot;50,44;172 - 169 - 3;344
Alakazam Dudunsparce;Alakazam Dudunsparce;50,0;202 - 202 - 6;410
Alakazam Dudunsparce;Greninja;48,36;59 - 63 - 3;125
Alakazam Dudunsparce;Gardevoir Jellicent;47,73;210 - 230 - 18;458
Alakazam Dudunsparce;N's Zoroark;47,11;163 - 183 - 4;350
Alakazam Dudunsparce;Dragapult Charizard;37,69;75 - 124 - 4;203
Alakazam Dudunsparce;Grimmsnarl Froslass;37,53;158 - 263 - 10;431
Alakazam Dudunsparce;Charizard Noctowl;37,44;167 - 279 - 10;456
Alakazam Dudunsparce;Gardevoir;37,24;108 - 182 - 9;299
Alakazam Dudunsparce;Dragapult Dusknoir;37,09;392 - 665 - 21;1078
Charizard Pidgeot;Gardevoir;58,01;181 - 131 - 11;323
Charizard Pidgeot;Mega Venusaur;57,02;69 - 52 - 2;123
Charizard Pidgeot;Gardevoir Jellicent;56,73;257 - 196 - 27;480
Charizard Pidgeot;Lopunny Dusknoir;54,69;140 - 116 - 10;266
Charizard Pidgeot;Ceruledge;54,17;117 - 99 - 9;225
Charizard Pidgeot;Raging Bolt Ogerpon;53,3;121 - 106 - 4;231
Charizard Pidgeot;Mega Absol Box;52,82;197 - 176 - 17;390
Charizard Pidgeot;Tera Box;52,75;96 - 86 - 5;187
Charizard Pidgeot;N's Zoroark;52,52;167 - 151 - 8;326
Charizard Pidgeot;Greninja;51,0;51 - 49 - 1;101
Charizard Pidgeot;Lucario Hariyama;50,41;62 - 61 - 6;129
Charizard Pidgeot;Charizard Pidgeot;50,0;191 - 191 - 10;392
Charizard Pidgeot;Sharpedo Toxtricity;49,62;65 - 66 - 7;138
Charizard Pidgeot;Alakazam Dudunsparce;49,56;169 - 172 - 3;344
Charizard Pidgeot;Gholdengo Lunatone;46,95;385 - 435 - 15;835
Charizard Pidgeot;Dragapult Dusknoir;42,99;423 - 561 - 23;1007
Charizard Pidgeot;Kangaskhan Bouffalant;42,76;124 - 166 - 10;300
Charizard Pidgeot;Charizard Noctowl;41,65;172 - 241 - 13;426
Charizard Pidgeot;Dragapult Charizard;37,58;62 - 103 - 6;171
Charizard Pidgeot;Grimmsnarl Froslass;37,03;117 - 199 - 7;323
Grimmsnarl Froslass;Charizard Pidgeot;62,97;199 - 117 - 7;323
Grimmsnarl Froslass;Alakazam Dudunsparce;62,47;263 - 158 - 10;431
Grimmsnarl Froslass;Gardevoir Jellicent;59,9;245 - 164 - 11;420
Grimmsnarl Froslass;Dragapult Charizard;58,04;130 - 94 - 8;232
Grimmsnarl Froslass;Gardevoir;57,45;158 - 117 - 12;287
Grimmsnarl Froslass;Lopunny Dusknoir;55,9;90 - 71 - 2;163
Grimmsnarl Froslass;Dragapult Dusknoir;54,79;623 - 514 - 27;1164
Grimmsnarl Froslass;N's Zoroark;54,46;183 - 153 - 11;347
Grimmsnarl Froslass;Ceruledge;54,09;119 - 101 - 7;227
Grimmsnarl Froslass;Charizard Noctowl;52,6;233 - 210 - 12;455
Grimmsnarl Froslass;Lucario Hariyama;51,05;73 - 70 - 1;144
Grimmsnarl Froslass;Grimmsnarl Froslass;50,0;219 - 219 - 28;466
Grimmsnarl Froslass;Gholdengo Lunatone;47,68;359 - 394 - 26;779
Grimmsnarl Froslass;Sharpedo Toxtricity;44,79;43 - 53 - 2;98
Grimmsnarl Froslass;Greninja;44,26;54 - 68 - 1;123
Grimmsnarl Froslass;Tera Box;44,03;59 - 75 - 5;139
Grimmsnarl Froslass;Mega Absol Box;42,82;167 - 223 - 9;399
Grimmsnarl Froslass;Kangaskhan Bouffalant;42,53;111 - 150 - 6;267
Grimmsnarl Froslass;Raging Bolt Ogerpon;42,35;108 - 147 - 4;259
Grimmsnarl Froslass;Mega Venusaur;39,1;52 - 81 - 4;137
Kangaskhan Bouffalant;Tera Box;70,59;96 - 40 - 2;138
Kangaskhan Bouffalant;Grimmsnarl Froslass;57,47;150 - 111 - 6;267
Kangaskhan Bouffalant;Charizard Pidgeot;57,24;166 - 124 - 10;300
Kangaskhan Bouffalant;Gardevoir Jellicent;56,38;212 - 164 - 21;397
Kangaskhan Bouffalant;Dragapult Dusknoir;56,33;445 - 345 - 25;815
Kangaskhan Bouffalant;Ceruledge;55,5;106 - 85 - 4;195
Kangaskhan Bouffalant;Dragapult Charizard;55,19;85 - 69 - 4;158
Kangaskhan Bouffalant;Charizard Noctowl;54,24;224 - 189 - 13;426
Kangaskhan Bouffalant;Sharpedo Toxtricity;54,08;53 - 45 - 1;99
Kangaskhan Bouffalant;Gardevoir;52,42;130 - 118 - 5;253
Kangaskhan Bouffalant;N's Zoroark;51,88;152 - 141 - 7;300
Kangaskhan Bouffalant;Mega Absol Box;50,97;158 - 152 - 14;324
Kangaskhan Bouffalant;Kangaskhan Bouffalant;50,0;135 - 135 - 18;288
Kangaskhan Bouffalant;Lopunny Dusknoir;48,0;96 - 104 - 2;202
Kangaskhan Bouffalant;Gholdengo Lunatone;46,56;345 - 396 - 18;759
Kangaskhan Bouffalant;Mega Venusaur;42,16;43 - 59 - 3;105
Kangaskhan Bouffalant;Greninja;41,9;44 - 61 - 1;106
Kangaskhan Bouffalant;Raging Bolt Ogerpon;39,44;84 - 129 - 2;215
Kangaskhan Bouffalant;Alakazam Dudunsparce;28,7;99 - 246 - 4;349
Kangaskhan Bouffalant;Lucario Hariyama;18,18;18 - 81 - 1;100
Gardevoir;Lucario Hariyama;78,02;71 - 20 - 2;93
Gardevoir;Greninja;67,74;84 - 40 - 3;127
Gardevoir;Alakazam Dudunsparce;62,76;182 - 108 - 9;299
Gardevoir;Raging Bolt Ogerpon;59,28;99 - 68 - 9;176
Gardevoir;Mega Venusaur;58,9;43 - 30 - 4;77
Gardevoir;Dragapult Dusknoir;58,77;486 - 341 - 14;841
Gardevoir;Lopunny Dusknoir;55,03;82 - 67 - 1;150
Gardevoir;Ceruledge;53,1;77 - 68 - 3;148
Gardevoir;Tera Box;52,38;55 - 50 - 0;105
Gardevoir;Sharpedo Toxtricity;51,02;50 - 48 - 1;99
Gardevoir;Gardevoir Jellicent;50,43;177 - 174 - 14;365
Gardevoir;Gardevoir;50,0;127 - 127 - 24;278
Gardevoir;Gholdengo Lunatone;49,36;307 - 315 - 31;653
Gardevoir;N's Zoroark;48,28;140 - 150 - 12;302
Gardevoir;Kangaskhan Bouffalant;47,58;118 - 130 - 5;253
Gardevoir;Dragapult Charizard;47,1;73 - 82 - 2;157
Gardevoir;Mega Absol Box;44,04;144 - 183 - 7;334
Gardevoir;Grimmsnarl Froslass;42,55;117 - 158 - 12;287
Gardevoir;Charizard Pidgeot;41,99;131 - 181 - 11;323
Gardevoir;Charizard Noctowl;39,2;127 - 197 - 10;334
Raging Bolt Ogerpon;Sharpedo Toxtricity;80,65;50 - 12 - 1;63
Raging Bolt Ogerpon;Mega Absol Box;63,3;169 - 98 - 14;281
Raging Bolt Ogerpon;Kangaskhan Bouffalant;60,56;129 - 84 - 2;215
Raging Bolt Ogerpon;Mega Venusaur;59,57;56 - 38 - 2;96
Raging Bolt Ogerpon;N's Zoroark;59,26;128 - 88 - 4;220
Raging Bolt Ogerpon;Lopunny Dusknoir;58,88;63 - 44 - 0;107
Raging Bolt Ogerpon;Grimmsnarl Froslass;57,65;147 - 108 - 4;259
Raging Bolt Ogerpon;Lucario Hariyama;54,35;50 - 42 - 1;93
Raging Bolt Ogerpon;Dragapult Charizard;54,01;74 - 63 - 4;141
Raging Bolt Ogerpon;Greninja;53,98;61 - 52 - 2;115
Raging Bolt Ogerpon;Tera Box;50,52;49 - 48 - 3;100
Raging Bolt Ogerpon;Raging Bolt Ogerpon;50,0;100 - 100 - 6;206
Raging Bolt Ogerpon;Dragapult Dusknoir;48,1;342 - 369 - 14;725
Raging Bolt Ogerpon;Charizard Noctowl;47,7;135 - 148 - 3;286
Raging Bolt Ogerpon;Gholdengo Lunatone;47,36;251 - 279 - 11;541
Raging Bolt Ogerpon;Charizard Pidgeot;46,7;106 - 121 - 4;231
Raging Bolt Ogerpon;Ceruledge;44,19;57 - 72 - 2;131
Raging Bolt Ogerpon;Gardevoir;40,72;68 - 99 - 9;176
Raging Bolt Ogerpon;Gardevoir Jellicent;38,21;107 - 173 - 6;286
Raging Bolt Ogerpon;Alakazam Dudunsparce;38,16;87 - 141 - 5;233
Lopunny Dusknoir;Mega Venusaur;62,86;44 - 26 - 0;70
Lopunny Dusknoir;Sharpedo Toxtricity;58,67;44 - 31 - 0;75
Lopunny Dusknoir;Mega Absol Box;55,76;121 - 96 - 1;218
Lopunny Dusknoir;Gardevoir Jellicent;53,09;146 - 129 - 1;276
Lopunny Dusknoir;N's Zoroark;52,5;84 - 76 - 2;162
Lopunny Dusknoir;Kangaskhan Bouffalant;52,0;104 - 96 - 2;202
Lopunny Dusknoir;Lopunny Dusknoir;50,0;85 - 85 - 4;174
Lopunny Dusknoir;Tera Box;48,81;41 - 43 - 2;86
Lopunny Dusknoir;Alakazam Dudunsparce;47,54;87 - 96 - 1;184
Lopunny Dusknoir;Charizard Pidgeot;45,31;116 - 140 - 10;266
Lopunny Dusknoir;Gardevoir;44,97;67 - 82 - 1;150
Lopunny Dusknoir;Dragapult Dusknoir;44,74;238 - 294 - 3;535
Lopunny Dusknoir;Grimmsnarl Froslass;44,1;71 - 90 - 2;163
Lopunny Dusknoir;Ceruledge;44,09;56 - 71 - 0;127
Lopunny Dusknoir;Dragapult Charizard;43,75;42 - 54 - 1;97
Lopunny Dusknoir;Raging Bolt Ogerpon;41,12;44 - 63 - 0;107
Lopunny Dusknoir;Charizard Noctowl;40,36;111 - 164 - 3;278
Lopunny Dusknoir;Greninja;40,0;30 - 45 - 0;75
Lopunny Dusknoir;Gholdengo Lunatone;35,32;166 - 304 - 7;477
Lopunny Dusknoir;Lucario Hariyama;31,76;27 - 58 - 1;86
Ceruledge;Mega Venusaur;73,61;53 - 19 - 2;74
Ceruledge;Gholdengo Lunatone;58,64;275 - 194 - 7;476
Ceruledge;Lopunny Dusknoir;55,91;71 - 56 - 0;127
Ceruledge;Raging Bolt Ogerpon;55,81;72 - 57 - 2;131
Ceruledge;N's Zoroark;54,49;97 - 81 - 4;182
Ceruledge;Sharpedo Toxtricity;53,45;31 - 27 - 0;58
Ceruledge;Dragapult Dusknoir;50,97;289 - 278 - 11;578
Ceruledge;Mega Absol Box;50,83;123 - 119 - 10;252
Ceruledge;Ceruledge;50,0;55 - 55 - 2;112
Ceruledge;Gardevoir;46,9;68 - 77 - 3;148
Ceruledge;Greninja;46,67;28 - 32 - 3;63
Ceruledge;Grimmsnarl Froslass;45,91;101 - 119 - 7;227
Ceruledge;Charizard Pidgeot;45,83;99 - 117 - 9;225
Ceruledge;Gardevoir Jellicent;45,78;114 - 135 - 7;256
Ceruledge;Tera Box;45,56;41 - 49 - 0;90
Ceruledge;Kangaskhan Bouffalant;44,5;85 - 106 - 4;195
Ceruledge;Charizard Noctowl;38,62;95 - 151 - 3;249
Ceruledge;Lucario Hariyama;38,37;33 - 53 - 1;87
Ceruledge;Dragapult Charizard;37,74;40 - 66 - 3;109
Ceruledge;Alakazam Dudunsparce;26,32;55 - 154 - 2;211
Dragapult Charizard;Charizard Pidgeot;62,42;103 - 62 - 6;171
Dragapult Charizard;Alakazam Dudunsparce;62,31;124 - 75 - 4;203
Dragapult Charizard;Ceruledge;62,26;66 - 40 - 3;109
Dragapult Charizard;Lucario Hariyama;61,54;40 - 25 - 3;68
Dragapult Charizard;Mega Venusaur;59,02;36 - 25 - 1;62
Dragapult Charizard;Sharpedo Toxtricity;58,82;40 - 28 - 2;70
Dragapult Charizard;Tera Box;57,14;36 - 27 - 2;65
Dragapult Charizard;Lopunny Dusknoir;56,25;54 - 42 - 1;97
Dragapult Charizard;Charizard Noctowl;55,35;119 - 96 - 5;220
Dragapult Charizard;Gholdengo Lunatone;53,7;225 - 194 - 8;427
Dragapult Charizard;N's Zoroark;53,44;101 - 88 - 3;192
Dragapult Charizard;Gardevoir;52,9;82 - 73 - 2;157
Dragapult Charizard;Mega Absol Box;52,38;110 - 100 - 8;218
Dragapult Charizard;Greninja;51,81;43 - 40 - 0;83
Dragapult Charizard;Dragapult Charizard;50,0;54 - 54 - 2;110
Dragapult Charizard;Dragapult Dusknoir;49,24;290 - 299 - 14;603
Dragapult Charizard;Gardevoir Jellicent;47,5;95 - 105 - 10;210
Dragapult Charizard;Raging Bolt Ogerpon;45,99;63 - 74 - 4;141
Dragapult Charizard;Kangaskhan Bouffalant;44,81;69 - 85 - 4;158
Dragapult Charizard;Grimmsnarl Froslass;41,96;94 - 130 - 8;232
Tera Box;Greninja;65,91;29 - 15 - 1;45
Tera Box;Sharpedo Toxtricity;65,0;39 - 21 - 1;61
Tera Box;Lucario Hariyama;62,96;34 - 20 - 1;55
Tera Box;Grimmsnarl Froslass;55,97;75 - 59 - 5;139
Tera Box;Ceruledge;54,44;49 - 41 - 0;90
Tera Box;Lopunny Dusknoir;51,19;43 - 41 - 2;86
Tera Box;Dragapult Dusknoir;50,63;200 - 195 - 8;403
Tera Box;Mega Absol Box;50,56;90 - 88 - 2;180
Tera Box;Tera Box;50,0;34 - 34 - 0;68
Tera Box;Raging Bolt Ogerpon;49,48;48 - 49 - 3;100
Tera Box;Mega Venusaur;49,02;25 - 26 - 0;51
Tera Box;Gholdengo Lunatone;48,59;172 - 182 - 6;360
Tera Box;Gardevoir;47,62;50 - 55 - 0;105
Tera Box;Charizard Pidgeot;47,25;86 - 96 - 5;187
Tera Box;Gardevoir Jellicent;45,95;85 - 100 - 3;188
Tera Box;Alakazam Dudunsparce;44,08;67 - 85 - 4;156
Tera Box;N's Zoroark;43,23;67 - 88 - 3;158
Tera Box;Dragapult Charizard;42,86;27 - 36 - 2;65
Tera Box;Charizard Noctowl;39,23;71 - 110 - 2;183
Tera Box;Kangaskhan Bouffalant;29,41;40 - 96 - 2;138
Lucario Hariyama;Kangaskhan Bouffalant;81,82;81 - 18 - 1;100
Lucario Hariyama;Lopunny Dusknoir;68,24;58 - 27 - 1;86
Lucario Hariyama;Ceruledge;61,63;53 - 33 - 1;87
Lucario Hariyama;Mega Absol Box;61,6;77 - 48 - 4;129
Lucario Hariyama;Sharpedo Toxtricity;59,62;31 - 21 - 0;52
Lucario Hariyama;N's Zoroark;59,48;91 - 62 - 2;155
Lucario Hariyama;Greninja;52,17;24 - 22 - 2;48
Lucario Hariyama;Mega Venusaur;51,61;32 - 30 - 0;62
Lucario Hariyama;Lucario Hariyama;50,0;29 - 29 - 2;60
Lucario Hariyama;Dragapult Dusknoir;49,61;192 - 195 - 9;396
Lucario Hariyama;Charizard Pidgeot;49,59;61 - 62 - 6;129
Lucario Hariyama;Grimmsnarl Froslass;48,95;70 - 73 - 1;144
Lucario Hariyama;Raging Bolt Ogerpon;45,65;42 - 50 - 1;93
Lucario Hariyama;Charizard Noctowl;44,68;63 - 78 - 3;144
Lucario Hariyama;Alakazam Dudunsparce;39,51;64 - 98 - 3;165
Lucario Hariyama;Dragapult Charizard;38,46;25 - 40 - 3;68
Lucario Hariyama;Gholdengo Lunatone;38,34;97 - 156 - 7;260
Lucario Hariyama;Tera Box;37,04;20 - 34 - 1;55
Lucario Hariyama;Gardevoir Jellicent;23,08;30 - 100 - 1;131
Lucario Hariyama;Gardevoir;21,98;20 - 71 - 2;93
Mega Venusaur;Sharpedo Toxtricity;68,18;30 - 14 - 0;44
Mega Venusaur;N's Zoroark;65,33;98 - 52 - 0;150
Mega Venusaur;Grimmsnarl Froslass;60,9;81 - 52 - 4;137
Mega Venusaur;Mega Absol Box;60,48;75 - 49 - 3;127
Mega Venusaur;Kangaskhan Bouffalant;57,84;59 - 43 - 3;105
Mega Venusaur;Tera Box;50,98;26 - 25 - 0;51
Mega Venusaur;Mega Venusaur;50,0;41 - 41 - 0;82
Mega Venusaur;Lucario Hariyama;48,39;30 - 32 - 0;62
Mega Venusaur;Charizard Noctowl;47,85;78 - 85 - 1;164
Mega Venusaur;Charizard Pidgeot;42,98;52 - 69 - 2;123
Mega Venusaur;Dragapult Dusknoir;42,6;164 - 221 - 10;395
Mega Venusaur;Greninja;42,0;21 - 29 - 0;50
Mega Venusaur;Gardevoir;41,1;30 - 43 - 4;77
Mega Venusaur;Dragapult Charizard;40,98;25 - 36 - 1;62
Mega Venusaur;Alakazam Dudunsparce;40,58;56 - 82 - 2;140
Mega Venusaur;Raging Bolt Ogerpon;40,43;38 - 56 - 2;96
Mega Venusaur;Gholdengo Lunatone;38,81;104 - 164 - 6;274
Mega Venusaur;Lopunny Dusknoir;37,14;26 - 44 - 0;70
Mega Venusaur;Gardevoir Jellicent;32,64;47 - 97 - 4;148
Mega Venusaur;Ceruledge;26,39;19 - 53 - 2;74
Greninja;Lopunny Dusknoir;60,0;45 - 30 - 0;75
Greninja;Mega Absol Box;58,33;70 - 50 - 4;124
Greninja;Kangaskhan Bouffalant;58,1;61 - 44 - 1;106
Greninja;Mega Venusaur;58,0;29 - 21 - 0;50
Greninja;Grimmsnarl Froslass;55,74;68 - 54 - 1;123
Greninja;Ceruledge;53,33;32 - 28 - 3;63
Greninja;Charizard Noctowl;52,0;78 - 72 - 4;154
Greninja;Alakazam Dudunsparce;51,64;63 - 59 - 3;125
Greninja;Greninja;50,0;30 - 30 - 4;64
Greninja;Charizard Pidgeot;49,0;49 - 51 - 1;101
Greninja;Sharpedo Toxtricity;48,65;18 - 19 - 0;37
Greninja;N's Zoroark;48,31;57 - 61 - 2;120
Greninja;Dragapult Charizard;48,19;40 - 43 - 0;83
Greninja;Lucario Hariyama;47,83;22 - 24 - 2;48
Greninja;Gholdengo Lunatone;46,36;121 - 140 - 10;271
Greninja;Raging Bolt Ogerpon;46,02;52 - 61 - 2;115
Greninja;Dragapult Dusknoir;44,28;178 - 224 - 7;409
Greninja;Gardevoir Jellicent;35,14;52 - 96 - 2;150
Greninja;Tera Box;34,09;15 - 29 - 1;45
Greninja;Gardevoir;32,26;40 - 84 - 3;127
Sharpedo Toxtricity;N's Zoroark;64,76;68 - 37 - 1;106
Sharpedo Toxtricity;Mega Absol Box;58,41;66 - 47 - 2;115
Sharpedo Toxtricity;Gardevoir Jellicent;56,95;86 - 65 - 5;156
Sharpedo Toxtricity;Grimmsnarl Froslass;55,21;53 - 43 - 2;98
Sharpedo Toxtricity;Greninja;51,35;19 - 18 - 0;37
Sharpedo Toxtricity;Charizard Pidgeot;50,38;66 - 65 - 7;138
Sharpedo Toxtricity;Sharpedo Toxtricity;50,0;23 - 23 - 2;48
Sharpedo Toxtricity;Gardevoir;48,98;48 - 50 - 1;99
Sharpedo Toxtricity;Dragapult Dusknoir;48,36;147 - 157 - 2;306
Sharpedo Toxtricity;Ceruledge;46,55;27 - 31 - 0;58
Sharpedo Toxtricity;Kangaskhan Bouffalant;45,92;45 - 53 - 1;99
Sharpedo Toxtricity;Lopunny Dusknoir;41,33;31 - 44 - 0;75
Sharpedo Toxtricity;Dragapult Charizard;41,18;28 - 40 - 2;70
Sharpedo Toxtricity;Lucario Hariyama;40,38;21 - 31 - 0;52
Sharpedo Toxtricity;Alakazam Dudunsparce;40,0;48 - 72 - 2;122
Sharpedo Toxtricity;Charizard Noctowl;37,38;40 - 67 - 2;109
Sharpedo Toxtricity;Tera Box;35,0;21 - 39 - 1;61
Sharpedo Toxtricity;Gholdengo Lunatone;32,16;82 - 173 - 1;256
Sharpedo Toxtricity;Mega Venusaur;31,82;14 - 30 - 0;44
Sharpedo Toxtricity;Raging Bolt Ogerpon;19,35;12 - 50 - 1;63
Flareon Noctowl;Mega Venusaur;68,29;28 - 13 - 1;42
Flareon Noctowl;Grimmsnarl Froslass;57,98;69 - 50 - 3;122
Flareon Noctowl;Lucario Hariyama;56,25;27 - 21 - 1;49
Flareon Noctowl;Gholdengo Lunatone;53,94;130 - 111 - 10;251
Flareon Noctowl;Ceruledge;52,7;39 - 35 - 2;76
Flareon Noctowl;Gardevoir;50,62;41 - 40 - 2;83
Flareon Noctowl;Raging Bolt Ogerpon;50,0;30 - 30 - 1;61
Flareon Noctowl;Greninja;50,0;20 - 20 - 1;41
Flareon Noctowl;N's Zoroark;48,54;50 - 53 - 5;108
Flareon Noctowl;Alakazam Dudunsparce;47,29;61 - 68 - 6;135
Flareon Noctowl;Tera Box;45,83;22 - 26 - 0;48
Flareon Noctowl;Mega Absol Box;43,75;49 - 63 - 8;120
Flareon Noctowl;Charizard Noctowl;42,48;48 - 65 - 3;116
Flareon Noctowl;Charizard Pidgeot;41,18;42 - 60 - 5;107
Flareon Noctowl;Sharpedo Toxtricity;40,0;22 - 33 - 3;58
Flareon Noctowl;Kangaskhan Bouffalant;39,33;35 - 54 - 1;90
Flareon Noctowl;Dragapult Dusknoir;38,98;115 - 180 - 6;301
Flareon Noctowl;Gardevoir Jellicent;36,22;46 - 81 - 4;131
Flareon Noctowl;Dragapult Charizard;30,99;22 - 49 - 1;72
Flareon Noctowl;Lopunny Dusknoir;29,31;17 - 41 - 2;60
Froslass Munkidori;Mega Venusaur;64,29;27 - 15 - 1;43
Froslass Munkidori;Raging Bolt Ogerpon;58,62;34 - 24 - 1;59
Froslass Munkidori;Tera Box;57,89;22 - 16 - 0;38
Froslass Munkidori;Charizard Pidgeot;57,53;42 - 31 - 2;75
Froslass Munkidori;Sharpedo Toxtricity;55,17;16 - 13 - 1;30
Froslass Munkidori;Dragapult Charizard;51,52;34 - 32 - 0;66
Froslass Munkidori;Ceruledge;50,77;33 - 32 - 2;67
Froslass Munkidori;Alakazam Dudunsparce;49,47;47 - 48 - 3;98
Froslass Munkidori;N's Zoroark;49,02;50 - 52 - 1;103
Froslass Munkidori;Gholdengo Lunatone;48,99;97 - 101 - 6;204
Froslass Munkidori;Kangaskhan Bouffalant;45,71;32 - 38 - 1;71
Froslass Munkidori;Dragapult Dusknoir;44,04;122 - 155 - 3;280
Froslass Munkidori;Charizard Noctowl;43,14;44 - 58 - 2;104
Froslass Munkidori;Gardevoir Jellicent;41,24;40 - 57 - 1;98
Froslass Munkidori;Lucario Hariyama;39,58;19 - 29 - 0;48
Froslass Munkidori;Lopunny Dusknoir;39,29;11 - 17 - 0;28
Froslass Munkidori;Greninja;37,5;18 - 30 - 1;49
Froslass Munkidori;Grimmsnarl Froslass;37,35;31 - 52 - 1;84
Froslass Munkidori;Gardevoir;36,54;19 - 33 - 2;54
Froslass Munkidori;Mega Absol Box;32,06;42 - 89 - 4;135
Joltik Box;Grimmsnarl Froslass;63,04;58 - 34 - 5;97
Joltik Box;Sharpedo Toxtricity;62,5;25 - 15 - 2;42
Joltik Box;N's Zoroark;61,68;66 - 41 - 4;111
Joltik Box;Mega Venusaur;60,98;25 - 16 - 1;42
Joltik Box;Raging Bolt Ogerpon;59,46;44 - 30 - 2;76
Joltik Box;Mega Absol Box;59,17;71 - 49 - 4;124
Joltik Box;Tera Box;56,1;23 - 18 - 0;41
Joltik Box;Charizard Pidgeot;55,32;52 - 42 - 2;96
Joltik Box;Ceruledge;51,06;24 - 23 - 2;49
Joltik Box;Lopunny Dusknoir;50,0;24 - 24 - 0;48
Joltik Box;Gardevoir Jellicent;49,54;54 - 55 - 3;112
Joltik Box;Dragapult Charizard;48,94;23 - 24 - 0;47
Joltik Box;Dragapult Dusknoir;48,85;127 - 133 - 5;265
Joltik Box;Greninja;47,37;18 - 20 - 1;39
Joltik Box;Gholdengo Lunatone;47,27;78 - 87 - 9;174
Joltik Box;Gardevoir;44,74;34 - 42 - 1;77
Joltik Box;Charizard Noctowl;41,9;44 - 61 - 0;105
Joltik Box;Alakazam Dudunsparce;40,91;45 - 65 - 1;111
Joltik Box;Lucario Hariyama;33,33;14 - 28 - 3;45
Joltik Box;Kangaskhan Bouffalant;16,67;14 - 70 - 1;85
Cynthia's Garchomp;Sharpedo Toxtricity;74,19;23 - 8 - 1;32
Cynthia's Garchomp;Kangaskhan Bouffalant;72,37;55 - 21 - 1;77
Cynthia's Garchomp;Grimmsnarl Froslass;65,71;46 - 24 - 1;71
Cynthia's Garchomp;Charizard Pidgeot;62,07;54 - 33 - 1;88
Cynthia's Garchomp;Greninja;60,0;18 - 12 - 0;30
Cynthia's Garchomp;N's Zoroark;59,55;53 - 36 - 3;92
Cynthia's Garchomp;Lopunny Dusknoir;58,93;33 - 23 - 1;57
Cynthia's Garchomp;Lucario Hariyama;53,12;17 - 15 - 2;34
Cynthia's Garchomp;Dragapult Charizard;52,5;21 - 19 - 3;43
Cynthia's Garchomp;Gardevoir Jellicent;49,14;57 - 59 - 3;119
Cynthia's Garchomp;Mega Absol Box;46,81;44 - 50 - 2;96
Cynthia's Garchomp;Dragapult Dusknoir;46,36;121 - 140 - 9;270
Cynthia's Garchomp;Gardevoir;45,71;32 - 38 - 6;76
Cynthia's Garchomp;Tera Box;43,75;14 - 18 - 0;32
Cynthia's Garchomp;Charizard Noctowl;41,12;44 - 63 - 5;112
Cynthia's Garchomp;Raging Bolt Ogerpon;38,64;17 - 27 - 1;45
Cynthia's Garchomp;Gholdengo Lunatone;35,55;75 - 136 - 7;218
Cynthia's Garchomp;Ceruledge;34,04;16 - 31 - 0;47
Cynthia's Garchomp;Alakazam Dudunsparce;32,63;31 - 64 - 4;99
Cynthia's Garchomp;Mega Venusaur;29,03;9 - 22 - 0;31
Gholdengo;Sharpedo Toxtricity;72,5;29 - 11 - 1;41
Gholdengo;Mega Venusaur;68,09;32 - 15 - 2;49
Gholdengo;Tera Box;66,67;20 - 10 - 0;30
Gholdengo;Kangaskhan Bouffalant;60,0;42 - 28 - 3;73
Gholdengo;N's Zoroark;58,49;62 - 44 - 1;107
Gholdengo;Lucario Hariyama;55,17;16 - 13 - 2;31
Gholdengo;Lopunny Dusknoir;51,85;28 - 26 - 0;54
Gholdengo;Dragapult Charizard;51,79;29 - 27 - 0;56
Gholdengo;Greninja;51,22;21 - 20 - 0;41
Gholdengo;Charizard Pidgeot;50,0;39 - 39 - 1;79
Gholdengo;Dragapult Dusknoir;49,65;143 - 145 - 4;292
Gholdengo;Grimmsnarl Froslass;48,98;48 - 50 - 0;98
Gholdengo;Gardevoir;48,35;44 - 47 - 3;94
Gholdengo;Raging Bolt Ogerpon;46,88;30 - 34 - 0;64
Gholdengo;Mega Absol Box;46,81;44 - 50 - 2;96
Gholdengo;Gardevoir Jellicent;40,71;46 - 67 - 2;115
Gholdengo;Charizard Noctowl;38,71;36 - 57 - 1;94
Gholdengo;Gholdengo Lunatone;33,33;48 - 96 - 3;147
Gholdengo;Alakazam Dudunsparce;32,0;32 - 68 - 1;101
Gholdengo;Ceruledge;30,77;12 - 27 - 0;39
Slowking;Lucario Hariyama;70,45;31 - 13 - 1;45
Slowking;Ceruledge;68,0;34 - 16 - 0;50
Slowking;Sharpedo Toxtricity;61,54;16 - 10 - 0;26
Slowking;Charizard Pidgeot;58,82;40 - 28 - 0;68
Slowking;Kangaskhan Bouffalant;51,72;30 - 28 - 0;58
Slowking;Charizard Noctowl;50,6;42 - 41 - 2;85
Slowking;Gholdengo Lunatone;50,59;86 - 84 - 2;172
Slowking;Mega Absol Box;50,0;46 - 46 - 2;94
Slowking;Dragapult Charizard;50,0;20 - 20 - 1;41
Slowking;Grimmsnarl Froslass;49,28;34 - 35 - 1;70
Slowking;Tera Box;48,28;14 - 15 - 1;30
Slowking;Greninja;42,5;17 - 23 - 0;40
Slowking;Alakazam Dudunsparce;41,89;31 - 43 - 1;75
Slowking;Gardevoir;41,07;23 - 33 - 2;58
Slowking;Dragapult Dusknoir;40,98;84 - 121 - 0;205
Slowking;Gardevoir Jellicent;39,18;38 - 59 - 2;99
Slowking;Lopunny Dusknoir;37,78;17 - 28 - 0;45
Slowking;N's Zoroark;37,66;29 - 48 - 2;79
Slowking;Mega Venusaur;37,04;10 - 17 - 0;27
Slowking;Raging Bolt Ogerpon;28,21;11 - 28 - 1;40
Seaking Festival Lead;Sharpedo Toxtricity;85,0;17 - 3 - 0;20
Seaking Festival Lead;N's Zoroark;74,7;62 - 21 - 2;85
Seaking Festival Lead;Mega Venusaur;73,91;17 - 6 - 0;23
Seaking Festival Lead;Charizard Pidgeot;68,24;58 - 27 - 1;86
Seaking Festival Lead;Raging Bolt Ogerpon;65,38;34 - 18 - 1;53
Seaking Festival Lead;Ceruledge;64,71;22 - 12 - 0;34
Seaking Festival Lead;Tera Box;63,64;21 - 12 - 0;33
Seaking Festival Lead;Alakazam Dudunsparce;60,47;52 - 34 - 1;87
Seaking Festival Lead;Lopunny Dusknoir;59,09;26 - 18 - 0;44
Seaking Festival Lead;Mega Absol Box;57,33;43 - 32 - 2;77
Seaking Festival Lead;Gholdengo Lunatone;56,61;107 - 82 - 2;191
Seaking Festival Lead;Charizard Noctowl;54,72;58 - 48 - 4;110
Seaking Festival Lead;Greninja;50,0;22 - 22 - 1;45
Seaking Festival Lead;Lucario Hariyama;44,0;11 - 14 - 0;25
Seaking Festival Lead;Grimmsnarl Froslass;42,68;35 - 47 - 1;83
Seaking Festival Lead;Gardevoir Jellicent;40,23;35 - 52 - 2;89
Seaking Festival Lead;Gardevoir;39,73;29 - 44 - 0;73
Seaking Festival Lead;Dragapult Dusknoir;32,14;72 - 152 - 2;226
Seaking Festival Lead;Kangaskhan Bouffalant;29,85;20 - 47 - 0;67
Seaking Festival Lead;Dragapult Charizard;27,27;9 - 24 - 1;34
Festival Lead;N's Zoroark;73,53;50 - 18 - 1;69
Festival Lead;Charizard Pidgeot;72,0;36 - 14 - 2;52
Festival Lead;Tera Box;62,5;15 - 9 - 1;25
Festival Lead;Mega Venusaur;62,07;18 - 11 - 0;29
Festival Lead;Ceruledge;58,62;17 - 12 - 3;32
Festival Lead;Sharpedo Toxtricity;57,69;15 - 11 - 0;26
Festival Lead;Lucario Hariyama;55,88;19 - 15 - 2;36
Festival Lead;Greninja;55,56;20 - 16 - 0;36
Festival Lead;Gholdengo Lunatone;53,97;68 - 58 - 5;131
Festival Lead;Alakazam Dudunsparce;53,97;34 - 29 - 1;64
Festival Lead;Mega Absol Box;50,63;40 - 39 - 2;81
Festival Lead;Raging Bolt Ogerpon;50,0;24 - 24 - 0;48
Festival Lead;Lopunny Dusknoir;45,71;16 - 19 - 2;37
Festival Lead;Dragapult Charizard;43,75;14 - 18 - 0;32
Festival Lead;Grimmsnarl Froslass;43,48;30 - 39 - 1;70
Festival Lead;Charizard Noctowl;36,84;21 - 36 - 1;58
Festival Lead;Gardevoir Jellicent;35,48;22 - 40 - 0;62
Festival Lead;Dragapult Dusknoir;33,91;59 - 115 - 2;176
Festival Lead;Gardevoir;28,57;12 - 30 - 0;42
Festival Lead;Kangaskhan Bouffalant;24,44;11 - 34 - 2;47
Rocket's Mewtwo;Greninja;84,21;16 - 3 - 0;19
Rocket's Mewtwo;Alakazam Dudunsparce;77,63;59 - 17 - 1;77
Rocket's Mewtwo;Sharpedo Toxtricity;68,42;13 - 6 - 0;19
Rocket's Mewtwo;Lucario Hariyama;66,67;24 - 12 - 0;36
Rocket's Mewtwo;N's Zoroark;66,23;51 - 26 - 1;78
Rocket's Mewtwo;Charizard Pidgeot;53,33;24 - 21 - 0;45
Rocket's Mewtwo;Ceruledge;52,27;23 - 21 - 1;45
Rocket's Mewtwo;Tera Box;51,85;14 - 13 - 0;27
Rocket's Mewtwo;Lopunny Dusknoir;45,45;15 - 18 - 0;33
Rocket's Mewtwo;Grimmsnarl Froslass;44,44;36 - 45 - 0;81
Rocket's Mewtwo;Dragapult Dusknoir;43,12;94 - 124 - 3;221
Rocket's Mewtwo;Mega Absol Box;42,19;27 - 37 - 1;65
Rocket's Mewtwo;Raging Bolt Ogerpon;41,67;15 - 21 - 0;36
Rocket's Mewtwo;Gardevoir Jellicent;40,0;22 - 33 - 0;55
Rocket's Mewtwo;Mega Venusaur;39,39;13 - 20 - 0;33
Rocket's Mewtwo;Dragapult Charizard;33,33;9 - 18 - 2;29
Rocket's Mewtwo;Charizard Noctowl;31,25;20 - 44 - 2;66
Rocket's Mewtwo;Gholdengo Lunatone;27,93;31 - 80 - 1;112
Rocket's Mewtwo;Gardevoir;23,26;10 - 33 - 2;45
Rocket's Mewtwo;Kangaskhan Bouffalant;17,24;10 - 48 - 2;60
Dragapult;Raging Bolt Ogerpon;66,67;24 - 12 - 0;36
Dragapult;Alakazam Dudunsparce;65,0;39 - 21 - 5;65
Dragapult;Sharpedo Toxtricity;58,33;7 - 5 - 0;12
Dragapult;Charizard Pidgeot;57,81;37 - 27 - 1;65
Dragapult;Lopunny Dusknoir;57,69;15 - 11 - 1;27
Dragapult;Ceruledge;57,14;20 - 15 - 0;35
Dragapult;Mega Venusaur;56,52;13 - 10 - 0;23
Dragapult;Charizard Noctowl;55,56;55 - 44 - 0;99
Dragapult;Dragapult Dusknoir;53,54;106 - 92 - 1;199
Dragapult;Gholdengo Lunatone;51,61;64 - 60 - 2;126
Dragapult;N's Zoroark;50,85;30 - 29 - 2;61
Dragapult;Mega Absol Box;49,09;27 - 28 - 5;60
Dragapult;Lucario Hariyama;43,75;14 - 18 - 1;33
Dragapult;Gardevoir Jellicent;41,67;25 - 35 - 2;62
Dragapult;Grimmsnarl Froslass;41,18;28 - 40 - 1;69
Dragapult;Dragapult Charizard;40,48;17 - 25 - 1;43
Dragapult;Kangaskhan Bouffalant;39,29;22 - 34 - 2;58
Dragapult;Greninja;37,5;9 - 15 - 0;24
Dragapult;Tera Box;37,04;10 - 17 - 1;28
Dragapult;Gardevoir;21,95;9 - 32 - 2;43
Hydreigon;Gardevoir;63,16;24 - 14 - 0;38
Hydreigon;Lopunny Dusknoir;56,67;17 - 13 - 0;30
Hydreigon;Gardevoir Jellicent;53,12;34 - 30 - 0;64
Hydreigon;Raging Bolt Ogerpon;45,95;17 - 20 - 0;37
Hydreigon;Charizard Pidgeot;44,26;27 - 34 - 0;61
Hydreigon;Alakazam Dudunsparce;42,37;25 - 34 - 1;60
Hydreigon;Ceruledge;42,11;16 - 22 - 0;38
Hydreigon;Grimmsnarl Froslass;40,54;15 - 22 - 1;38
Hydreigon;Dragapult Dusknoir;40,35;46 - 68 - 1;115
Hydreigon;Charizard Noctowl;40,35;23 - 34 - 1;58
Hydreigon;Sharpedo Toxtricity;37,04;10 - 17 - 0;27
Hydreigon;Tera Box;36,84;7 - 12 - 0;19
Hydreigon;Greninja;36,36;8 - 14 - 0;22
Hydreigon;N's Zoroark;35,42;17 - 31 - 2;50
Hydreigon;Mega Absol Box;33,9;20 - 39 - 1;60
Hydreigon;Dragapult Charizard;33,33;7 - 14 - 0;21
Hydreigon;Gholdengo Lunatone;32,09;43 - 91 - 0;134
Hydreigon;Kangaskhan Bouffalant;31,37;16 - 35 - 2;53
Hydreigon;Lucario Hariyama;29,41;5 - 12 - 0;17
Hydreigon;Mega Venusaur;21,05;4 - 15 - 0;19
Pidgeot Control;Charizard Noctowl;67,8;40 - 19 - 4;63
Pidgeot Control;Ceruledge;62,16;23 - 14 - 2;39
Pidgeot Control;Dragapult Dusknoir;62,07;108 - 66 - 12;186
Pidgeot Control;Raging Bolt Ogerpon;58,06;18 - 13 - 1;32
Pidgeot Control;Tera Box;57,14;8 - 6 - 3;17
Pidgeot Control;Kangaskhan Bouffalant;53,85;28 - 24 - 3;55
Pidgeot Control;Alakazam Dudunsparce;51,67;31 - 29 - 4;64
Pidgeot Control;Charizard Pidgeot;50,0;29 - 29 - 2;60
Pidgeot Control;Lopunny Dusknoir;50,0;14 - 14 - 1;29
Pidgeot Control;Sharpedo Toxtricity;50,0;7 - 7 - 0;14
Pidgeot Control;Gardevoir;48,89;22 - 23 - 9;54
Pidgeot Control;Gardevoir Jellicent;46,91;38 - 43 - 8;89
Pidgeot Control;Dragapult Charizard;45,45;15 - 18 - 2;35
Pidgeot Control;Gholdengo Lunatone;45,0;54 - 66 - 6;126
Pidgeot Control;Mega Absol Box;38,18;21 - 34 - 5;60
Pidgeot Control;N's Zoroark;33,33;16 - 32 - 1;49
Pidgeot Control;Lucario Hariyama;33,33;5 - 10 - 4;19
Pidgeot Control;Greninja;27,78;5 - 13 - 1;19
Pidgeot Control;Grimmsnarl Froslass;27,14;19 - 51 - 2;72
Pidgeot Control;Mega Venusaur;16,67;3 - 15 - 1;19
Crustle;Tera Box;78,57;22 - 6 - 0;28
Crustle;Ceruledge;71,43;30 - 12 - 1;43
Crustle;Gholdengo Lunatone;68,31;97 - 45 - 1;143
Crustle;Dragapult Charizard;63,64;21 - 12 - 1;34
Crustle;Grimmsnarl Froslass;62,0;31 - 19 - 2;52
Crustle;Kangaskhan Bouffalant;57,69;30 - 22 - 4;56
Crustle;Sharpedo Toxtricity;56,52;13 - 10 - 3;26
Crustle;N's Zoroark;51,85;28 - 26 - 0;54
Crustle;Charizard Noctowl;49,38;40 - 41 - 1;82
Crustle;Mega Absol Box;49,21;31 - 32 - 3;66
Crustle;Dragapult Dusknoir;48,35;88 - 94 - 9;191
Crustle;Charizard Pidgeot;46,43;26 - 30 - 4;60
Crustle;Greninja;46,15;12 - 14 - 0;26
Crustle;Raging Bolt Ogerpon;45,45;15 - 18 - 1;34
Crustle;Alakazam Dudunsparce;43,75;21 - 27 - 0;48
Crustle;Lucario Hariyama;43,48;10 - 13 - 1;24
Crustle;Mega Venusaur;34,78;8 - 15 - 0;23
Crustle;Lopunny Dusknoir;24,39;10 - 31 - 0;41
Crustle;Gardevoir;21,82;12 - 43 - 0;55
Crustle;Gardevoir Jellicent;16,9;12 - 59 - 4;75
Ethan's Typhlosion;Mega Venusaur;80,0;16 - 4 - 0;20
Ethan's Typhlosion;Raging Bolt Ogerpon;64,86;24 - 13 - 0;37
Ethan's Typhlosion;Gholdengo Lunatone;60,98;75 - 48 - 1;124
Ethan's Typhlosion;N's Zoroark;60,0;36 - 24 - 0;60
Ethan's Typhlosion;Mega Absol Box;52,83;28 - 25 - 1;54
Ethan's Typhlosion;Lucario Hariyama;47,62;10 - 11 - 0;21
Ethan's Typhlosion;Lopunny Dusknoir;44,44;16 - 20 - 0;36
Ethan's Typhlosion;Sharpedo Toxtricity;43,48;10 - 13 - 0;23
Ethan's Typhlosion;Charizard Pidgeot;43,08;28 - 37 - 3;68
Ethan's Typhlosion;Tera Box;41,38;12 - 17 - 1;30
Ethan's Typhlosion;Ceruledge;40,0;16 - 24 - 0;40
Ethan's Typhlosion;Greninja;38,1;8 - 13 - 1;22
Ethan's Typhlosion;Gardevoir Jellicent;37,25;19 - 32 - 1;52
Ethan's Typhlosion;Grimmsnarl Froslass;37,21;16 - 27 - 0;43
Ethan's Typhlosion;Alakazam Dudunsparce;36,67;22 - 38 - 2;62
Ethan's Typhlosion;Kangaskhan Bouffalant;34,78;16 - 30 - 0;46
Ethan's Typhlosion;Dragapult Dusknoir;34,19;53 - 102 - 1;156
Ethan's Typhlosion;Gardevoir;33,33;11 - 22 - 2;35
Ethan's Typhlosion;Dragapult Charizard;33,33;7 - 14 - 0;21
Ethan's Typhlosion;Charizard Noctowl;30,3;20 - 46 - 0;66
Toxtricity Box;Lopunny Dusknoir;64,86;24 - 13 - 1;38
Toxtricity Box;Sharpedo Toxtricity;63,16;12 - 7 - 0;19
Toxtricity Box;Lucario Hariyama;59,09;13 - 9 - 0;22
Toxtricity Box;Mega Venusaur;58,82;10 - 7 - 1;18
Toxtricity Box;Tera Box;57,14;16 - 12 - 0;28
Toxtricity Box;Kangaskhan Bouffalant;55,81;24 - 19 - 1;44
Toxtricity Box;N's Zoroark;54,55;24 - 20 - 0;44
Toxtricity Box;Raging Bolt Ogerpon;52,38;11 - 10 - 1;22
Toxtricity Box;Mega Absol Box;51,16;22 - 21 - 1;44
Toxtricity Box;Alakazam Dudunsparce;50,0;20 - 20 - 0;40
Toxtricity Box;Gardevoir;50,0;20 - 20 - 0;40
Toxtricity Box;Gardevoir Jellicent;49,32;36 - 37 - 1;74
Toxtricity Box;Dragapult Dusknoir;45,16;56 - 68 - 4;128
Toxtricity Box;Ceruledge;43,33;13 - 17 - 1;31
Toxtricity Box;Charizard Pidgeot;40,0;26 - 39 - 4;69
Toxtricity Box;Charizard Noctowl;40,0;20 - 30 - 1;51
Toxtricity Box;Grimmsnarl Froslass;39,58;19 - 29 - 0;48
Toxtricity Box;Gholdengo Lunatone;33,64;36 - 71 - 5;112
Toxtricity Box;Dragapult Charizard;27,27;6 - 16 - 0;22
Toxtricity Box;Greninja;26,67;4 - 11 - 1;16
Ursaluna Lunatone;Charizard Pidgeot;58,14;25 - 18 - 0;43
Ursaluna Lunatone;Sharpedo Toxtricity;57,89;11 - 8 - 0;19
Ursaluna Lunatone;Gholdengo Lunatone;54,65;47 - 39 - 0;86
Ursaluna Lunatone;Kangaskhan Bouffalant;53,12;17 - 15 - 0;32
Ursaluna Lunatone;Raging Bolt Ogerpon;52,63;20 - 18 - 0;38
Ursaluna Lunatone;Lopunny Dusknoir;52,38;11 - 10 - 0;21
Ursaluna Lunatone;Alakazam Dudunsparce;51,16;22 - 21 - 2;45
Ursaluna Lunatone;Gardevoir;50,0;11 - 11 - 1;23
Ursaluna Lunatone;Charizard Noctowl;48,84;21 - 22 - 1;44
Ursaluna Lunatone;Lucario Hariyama;46,15;6 - 7 - 1;14
Ursaluna Lunatone;Mega Venusaur;46,15;6 - 7 - 0;13
Ursaluna Lunatone;Dragapult Dusknoir;45,63;47 - 56 - 5;108
Ursaluna Lunatone;Greninja;42,86;6 - 8 - 0;14
Ursaluna Lunatone;Tera Box;42,86;3 - 4 - 0;7
Ursaluna Lunatone;Ceruledge;42,31;11 - 15 - 0;26
Ursaluna Lunatone;Gardevoir Jellicent;41,46;17 - 24 - 3;44
Ursaluna Lunatone;Grimmsnarl Froslass;40,74;11 - 16 - 0;27
Ursaluna Lunatone;Dragapult Charizard;40,0;8 - 12 - 0;20
Ursaluna Lunatone;N's Zoroark;36,0;9 - 16 - 1;26
Ursaluna Lunatone;Mega Absol Box;35,42;17 - 31 - 1;49
Mega Lucario;Mega Absol Box;67,57;25 - 12 - 1;38
Mega Lucario;Sharpedo Toxtricity;66,67;6 - 3 - 1;10
Mega Lucario;Mega Venusaur;64,29;9 - 5 - 0;14
Mega Lucario;Kangaskhan Bouffalant;59,26;16 - 11 - 0;27
Mega Lucario;N's Zoroark;57,58;19 - 14 - 0;33
Mega Lucario;Lopunny Dusknoir;52,63;10 - 9 - 0;19
Mega Lucario;Charizard Pidgeot;50,0;14 - 14 - 0;28
Mega Lucario;Dragapult Charizard;50,0;11 - 11 - 0;22
Mega Lucario;Dragapult Dusknoir;49,35;38 - 39 - 0;77
Mega Lucario;Grimmsnarl Froslass;48,48;16 - 17 - 0;33
Mega Lucario;Alakazam Dudunsparce;46,43;13 - 15 - 0;28
Mega Lucario;Charizard Noctowl;44,44;12 - 15 - 0;27
Mega Lucario;Tera Box;41,18;7 - 10 - 1;18
Mega Lucario;Gholdengo Lunatone;39,06;25 - 39 - 1;65
Mega Lucario;Lucario Hariyama;38,89;7 - 11 - 0;18
Mega Lucario;Ceruledge;38,46;5 - 8 - 0;13
Mega Lucario;Raging Bolt Ogerpon;33,33;7 - 14 - 0;21
Mega Lucario;Greninja;30,0;3 - 7 - 0;10
Mega Lucario;Gardevoir Jellicent;14,81;4 - 23 - 2;29
Mega Lucario;Gardevoir;4,76;1 - 20 - 1;22
Ho-Oh Armarouge;Sharpedo Toxtricity;63,64;7 - 4 - 0;11
Ho-Oh Armarouge;Raging Bolt Ogerpon;62,96;17 - 10 - 0;27
Ho-Oh Armarouge;Greninja;61,54;8 - 5 - 1;14
Ho-Oh Armarouge;Dragapult Charizard;56,25;9 - 7 - 0;16
Ho-Oh Armarouge;Grimmsnarl Froslass;55,88;19 - 15 - 1;35
Ho-Oh Armarouge;Lucario Hariyama;54,55;6 - 5 - 0;11
Ho-Oh Armarouge;Gholdengo Lunatone;54,24;32 - 27 - 0;59
Ho-Oh Armarouge;Mega Absol Box;51,22;21 - 20 - 1;42
Ho-Oh Armarouge;Dragapult Dusknoir;47,25;43 - 48 - 1;92
Ho-Oh Armarouge;Ceruledge;46,67;7 - 8 - 0;15
Ho-Oh Armarouge;Tera Box;46,67;7 - 8 - 0;15
Ho-Oh Armarouge;N's Zoroark;41,38;12 - 17 - 0;29
Ho-Oh Armarouge;Gardevoir;40,91;9 - 13 - 2;24
Ho-Oh Armarouge;Gardevoir Jellicent;40,0;16 - 24 - 0;40
Ho-Oh Armarouge;Mega Venusaur;40,0;4 - 6 - 0;10
Ho-Oh Armarouge;Alakazam Dudunsparce;35,71;10 - 18 - 1;29
Ho-Oh Armarouge;Charizard Pidgeot;34,21;13 - 25 - 0;38
Ho-Oh Armarouge;Kangaskhan Bouffalant;27,27;6 - 16 - 0;22
Ho-Oh Armarouge;Lopunny Dusknoir;22,22;4 - 14 - 0;18
Ho-Oh Armarouge;Charizard Noctowl;20,45;9 - 35 - 0;44
Ogerpon Meganium;Mega Absol Box;71,05;27 - 11 - 0;38
Ogerpon Meganium;Lucario Hariyama;61,54;8 - 5 - 0;13
Ogerpon Meganium;Sharpedo Toxtricity;61,11;11 - 7 - 0;18
Ogerpon Meganium;Grimmsnarl Froslass;60,98;25 - 16 - 0;41
Ogerpon Meganium;N's Zoroark;58,33;21 - 15 - 0;36
Ogerpon Meganium;Dragapult Charizard;54,55;6 - 5 - 0;11
Ogerpon Meganium;Kangaskhan Bouffalant;53,85;14 - 12 - 1;27
Ogerpon Meganium;Charizard Pidgeot;51,72;15 - 14 - 0;29
Ogerpon Meganium;Mega Venusaur;50,0;9 - 9 - 0;18
Ogerpon Meganium;Charizard Noctowl;48,0;12 - 13 - 0;25
Ogerpon Meganium;Gardevoir Jellicent;44,44;20 - 25 - 0;45
Ogerpon Meganium;Dragapult Dusknoir;43,4;46 - 60 - 1;107
Ogerpon Meganium;Raging Bolt Ogerpon;40,74;11 - 16 - 0;27
Ogerpon Meganium;Ceruledge;40,0;6 - 9 - 0;15
Ogerpon Meganium;Gholdengo Lunatone;37,5;21 - 35 - 1;57
Ogerpon Meganium;Alakazam Dudunsparce;33,33;11 - 22 - 0;33
Ogerpon Meganium;Greninja;31,58;6 - 13 - 0;19
Ogerpon Meganium;Tera Box;30,0;3 - 7 - 0;10
Ogerpon Meganium;Lopunny Dusknoir;27,78;5 - 13 - 1;19
Ogerpon Meganium;Gardevoir;21,05;4 - 15 - 0;19
Iron Hands Magneton;Sharpedo Toxtricity;100,0;5 - 0 - 0;5
Iron Hands Magneton;Gardevoir;72,22;13 - 5 - 0;18
Iron Hands Magneton;Dragapult Dusknoir;60,38;64 - 42 - 0;106
Iron Hands Magneton;Lucario Hariyama;56,25;9 - 7 - 0;16
Iron Hands Magneton;Lopunny Dusknoir;54,55;6 - 5 - 0;11
Iron Hands Magneton;Grimmsnarl Froslass;52,94;18 - 16 - 1;35
Iron Hands Magneton;Mega Venusaur;52,38;11 - 10 - 0;21
Iron Hands Magneton;Raging Bolt Ogerpon;50,0;11 - 11 - 0;22
Iron Hands Magneton;Alakazam Dudunsparce;44,44;12 - 15 - 1;28
Iron Hands Magneton;Greninja;44,44;8 - 10 - 0;18
Iron Hands Magneton;Gardevoir Jellicent;43,75;14 - 18 - 0;32
Iron Hands Magneton;Mega Absol Box;42,86;15 - 20 - 1;36
Iron Hands Magneton;Tera Box;42,86;6 - 8 - 1;15
Iron Hands Magneton;Gholdengo Lunatone;41,54;27 - 38 - 0;65
Iron Hands Magneton;Ceruledge;35,71;5 - 9 - 0;14
Iron Hands Magneton;Charizard Noctowl;34,38;11 - 21 - 0;32
Iron Hands Magneton;N's Zoroark;33,33;12 - 24 - 0;36
Iron Hands Magneton;Dragapult Charizard;33,33;4 - 8 - 1;13
Iron Hands Magneton;Charizard Pidgeot;20,83;5 - 19 - 0;24
Iron Hands Magneton;Kangaskhan Bouffalant;6,25;1 - 15 - 0;16
Mega Charizard X;N's Zoroark;64,0;16 - 9 - 2;27
Mega Charizard X;Mega Absol Box;50,0;17 - 17 - 0;34
Mega Charizard X;Sharpedo Toxtricity;50,0;11 - 11 - 1;23
Mega Charizard X;Lucario Hariyama;50,0;5 - 5 - 0;10
Mega Charizard X;Mega Venusaur;50,0;4 - 4 - 1;9
Mega Charizard X;Lopunny Dusknoir;46,67;7 - 8 - 0;15
Mega Charizard X;Kangaskhan Bouffalant;42,31;11 - 15 - 1;27
Mega Charizard X;Charizard Noctowl;41,67;10 - 14 - 0;24
Mega Charizard X;Ceruledge;41,18;7 - 10 - 2;19
Mega Charizard X;Charizard Pidgeot;38,46;10 - 16 - 1;27
Mega Charizard X;Raging Bolt Ogerpon;38,46;5 - 8 - 0;13
Mega Charizard X;Greninja;35,71;5 - 9 - 0;14
Mega Charizard X;Dragapult Dusknoir;35,21;25 - 46 - 1;72
Mega Charizard X;Gardevoir;33,33;6 - 12 - 0;18
Mega Charizard X;Dragapult Charizard;33,33;3 - 6 - 1;10
Mega Charizard X;Gardevoir Jellicent;31,11;14 - 31 - 0;45
Mega Charizard X;Gholdengo Lunatone;29,82;17 - 40 - 0;57
Mega Charizard X;Grimmsnarl Froslass;14,29;5 - 30 - 0;35
Mega Charizard X;Alakazam Dudunsparce;14,29;3 - 18 - 1;22
Mega Charizard X;Tera Box;9,09;1 - 10 - 0;11
Gholdengo Joltik Box;Sharpedo Toxtricity;72,73;8 - 3 - 0;11
Gholdengo Joltik Box;Gardevoir;70,97;22 - 9 - 1;32
Gholdengo Joltik Box;Gardevoir Jellicent;68,57;24 - 11 - 2;37
Gholdengo Joltik Box;Grimmsnarl Froslass;56,25;18 - 14 - 0;32
Gholdengo Joltik Box;Dragapult Dusknoir;55,56;40 - 32 - 1;73
Gholdengo Joltik Box;Lopunny Dusknoir;55,56;15 - 12 - 0;27
Gholdengo Joltik Box;Mega Absol Box;50,0;14 - 14 - 0;28
Gholdengo Joltik Box;Charizard Pidgeot;48,72;19 - 20 - 0;39
Gholdengo Joltik Box;Charizard Noctowl;46,15;18 - 21 - 0;39
Gholdengo Joltik Box;Dragapult Charizard;46,15;6 - 7 - 0;13
Gholdengo Joltik Box;Ceruledge;45,0;9 - 11 - 0;20
Gholdengo Joltik Box;Kangaskhan Bouffalant;43,33;13 - 17 - 0;30
Gholdengo Joltik Box;Gholdengo Lunatone;39,78;37 - 56 - 1;94
Gholdengo Joltik Box;Raging Bolt Ogerpon;37,5;6 - 10 - 0;16
Gholdengo Joltik Box;Tera Box;37,5;3 - 5 - 1;9
Gholdengo Joltik Box;N's Zoroark;34,78;8 - 15 - 0;23
Gholdengo Joltik Box;Lucario Hariyama;33,33;3 - 6 - 0;9
Gholdengo Joltik Box;Greninja;33,33;2 - 4 - 0;6
Gholdengo Joltik Box;Mega Venusaur;28,57;2 - 5 - 0;7
Gholdengo Joltik Box;Alakazam Dudunsparce;22,22;6 - 21 - 1;28
Marnie's Grimmsnarl;Sharpedo Toxtricity;69,23;9 - 4 - 0;13
Marnie's Grimmsnarl;Mega Venusaur;66,67;4 - 2 - 1;7
Marnie's Grimmsnarl;Grimmsnarl Froslass;60,0;12 - 8 - 1;21
Marnie's Grimmsnarl;Gardevoir Jellicent;54,55;12 - 10 - 0;22
Marnie's Grimmsnarl;Greninja;54,55;6 - 5 - 1;12
Marnie's Grimmsnarl;Dragapult Dusknoir;53,85;35 - 30 - 2;67
Marnie's Grimmsnarl;Gardevoir;50,0;8 - 8 - 0;16
Marnie's Grimmsnarl;Charizard Pidgeot;46,67;14 - 16 - 1;31
Marnie's Grimmsnarl;Tera Box;45,45;5 - 6 - 0;11
Marnie's Grimmsnarl;Charizard Noctowl;44,83;13 - 16 - 1;30
Marnie's Grimmsnarl;Raging Bolt Ogerpon;43,75;7 - 9 - 0;16
Marnie's Grimmsnarl;Kangaskhan Bouffalant;41,18;7 - 10 - 1;18
Marnie's Grimmsnarl;Lopunny Dusknoir;40,91;9 - 13 - 0;22
Marnie's Grimmsnarl;Gholdengo Lunatone;35,09;20 - 37 - 6;63
Marnie's Grimmsnarl;Alakazam Dudunsparce;32,14;9 - 19 - 1;29
Marnie's Grimmsnarl;Dragapult Charizard;28,57;2 - 5 - 0;7
Marnie's Grimmsnarl;Lucario Hariyama;28,57;2 - 5 - 0;7
Marnie's Grimmsnarl;Ceruledge;26,67;4 - 11 - 0;15
Marnie's Grimmsnarl;Mega Absol Box;23,33;7 - 23 - 1;31
Marnie's Grimmsnarl;N's Zoroark;20,0;4 - 16 - 0;20
Roaring Moon;Lopunny Dusknoir;77,78;14 - 4 - 0;18
Roaring Moon;Greninja;62,5;5 - 3 - 0;8
Roaring Moon;Mega Venusaur;60,0;6 - 4 - 0;10
Roaring Moon;Tera Box;58,33;7 - 5 - 0;12
Roaring Moon;Lucario Hariyama;57,14;8 - 6 - 0;14
Roaring Moon;Kangaskhan Bouffalant;56,52;13 - 10 - 0;23
Roaring Moon;Gardevoir Jellicent;55,26;21 - 17 - 0;38
Roaring Moon;Raging Bolt Ogerpon;54,17;13 - 11 - 1;25
Roaring Moon;Dragapult Dusknoir;50,0;34 - 34 - 1;69
Roaring Moon;Charizard Pidgeot;50,0;13 - 13 - 0;26
Roaring Moon;N's Zoroark;50,0;11 - 11 - 0;22
Roaring Moon;Sharpedo Toxtricity;50,0;3 - 3 - 0;6
Roaring Moon;Ceruledge;45,45;5 - 6 - 1;12
Roaring Moon;Alakazam Dudunsparce;41,94;13 - 18 - 1;32
Roaring Moon;Gardevoir;40,0;8 - 12 - 0;20
Roaring Moon;Mega Absol Box;37,84;14 - 23 - 0;37
Roaring Moon;Charizard Noctowl;37,04;10 - 17 - 0;27
Roaring Moon;Gholdengo Lunatone;31,25;15 - 33 - 0;48
Roaring Moon;Dragapult Charizard;28,57;2 - 5 - 0;7
Roaring Moon;Grimmsnarl Froslass;21,05;4 - 15 - 0;19
Hop's Zacian;Sharpedo Toxtricity;58,33;7 - 5 - 0;12
Hop's Zacian;Raging Bolt Ogerpon;53,85;7 - 6 - 0;13
Hop's Zacian;N's Zoroark;50,0;8 - 8 - 0;16
Hop's Zacian;Mega Venusaur;50,0;4 - 4 - 0;8
Hop's Zacian;Greninja;50,0;3 - 3 - 0;6
Hop's Zacian;Gholdengo Lunatone;48,98;24 - 25 - 0;49
Hop's Zacian;Gardevoir Jellicent;43,48;10 - 13 - 1;24
Hop's Zacian;Alakazam Dudunsparce;42,31;11 - 15 - 0;26
Hop's Zacian;Tera Box;40,0;4 - 6 - 0;10
Hop's Zacian;Lopunny Dusknoir;38,89;7 - 11 - 0;18
Hop's Zacian;Dragapult Dusknoir;37,74;20 - 33 - 1;54
Hop's Zacian;Charizard Noctowl;36,36;8 - 14 - 0;22
Hop's Zacian;Gardevoir;35,71;5 - 9 - 0;14
Hop's Zacian;Charizard Pidgeot;35,48;11 - 20 - 0;31
Hop's Zacian;Mega Absol Box;34,62;9 - 17 - 1;27
Hop's Zacian;Grimmsnarl Froslass;33,33;7 - 14 - 0;21
Hop's Zacian;Lucario Hariyama;22,22;2 - 7 - 0;9
Hop's Zacian;Ceruledge;15,79;3 - 16 - 0;19
Hop's Zacian;Kangaskhan Bouffalant;7,14;1 - 13 - 0;14
Hop's Zacian;Dragapult Charizard;0,0;0 - 9 - 1;10
Hydrapple Ogerpon;Sharpedo Toxtricity;76,92;10 - 3 - 0;13
Hydrapple Ogerpon;Dragapult Charizard;70,0;7 - 3 - 0;10
Hydrapple Ogerpon;N's Zoroark;66,67;14 - 7 - 0;21
Hydrapple Ogerpon;Mega Venusaur;60,0;9 - 6 - 0;15
Hydrapple Ogerpon;Greninja;58,33;7 - 5 - 1;13
Hydrapple Ogerpon;Mega Absol Box;56,52;13 - 10 - 1;24
Hydrapple Ogerpon;Charizard Pidgeot;50,0;11 - 11 - 2;24
Hydrapple Ogerpon;Grimmsnarl Froslass;47,37;9 - 10 - 0;19
Hydrapple Ogerpon;Lucario Hariyama;42,86;3 - 4 - 0;7
Hydrapple Ogerpon;Tera Box;41,67;5 - 7 - 0;12
Hydrapple Ogerpon;Ceruledge;41,67;5 - 7 - 0;12
Hydrapple Ogerpon;Charizard Noctowl;41,38;12 - 17 - 0;29
Hydrapple Ogerpon;Dragapult Dusknoir;40,43;19 - 28 - 0;47
Hydrapple Ogerpon;Gholdengo Lunatone;40,38;21 - 31 - 1;53
Hydrapple Ogerpon;Kangaskhan Bouffalant;37,5;9 - 15 - 0;24
Hydrapple Ogerpon;Gardevoir Jellicent;37,14;13 - 22 - 1;36
Hydrapple Ogerpon;Raging Bolt Ogerpon;35,0;7 - 13 - 0;20
Hydrapple Ogerpon;Lopunny Dusknoir;31,58;6 - 13 - 0;19
Hydrapple Ogerpon;Alakazam Dudunsparce;29,17;7 - 17 - 0;24
Hydrapple Ogerpon;Gardevoir;5,88;1 - 16 - 1;18
Kangaskhan Forretress;Dragapult Dusknoir;59,15;42 - 29 - 2;73
Kangaskhan Forretress;Ceruledge;55,56;5 - 4 - 0;9
Kangaskhan Forretress;Sharpedo Toxtricity;55,56;5 - 4 - 0;9
Kangaskhan Forretress;Alakazam Dudunsparce;55,17;16 - 13 - 0;29
Kangaskhan Forretress;Lopunny Dusknoir;54,55;6 - 5 - 0;11
Kangaskhan Forretress;Tera Box;54,55;6 - 5 - 0;11
Kangaskhan Forretress;Gardevoir Jellicent;53,33;16 - 14 - 0;30
Kangaskhan Forretress;Mega Absol Box;50,0;12 - 12 - 0;24
Kangaskhan Forretress;Charizard Pidgeot;50,0;7 - 7 - 2;16
Kangaskhan Forretress;Mega Venusaur;50,0;4 - 4 - 0;8
Kangaskhan Forretress;Dragapult Charizard;50,0;4 - 4 - 0;8
Kangaskhan Forretress;Grimmsnarl Froslass;45,83;11 - 13 - 0;24
Kangaskhan Forretress;Gholdengo Lunatone;45,1;23 - 28 - 0;51
Kangaskhan Forretress;Gardevoir;44,44;8 - 10 - 1;19
Kangaskhan Forretress;Greninja;42,86;3 - 4 - 0;7
Kangaskhan Forretress;N's Zoroark;41,67;5 - 7 - 0;12
Kangaskhan Forretress;Raging Bolt Ogerpon;38,89;7 - 11 - 0;18
Kangaskhan Forretress;Kangaskhan Bouffalant;30,77;4 - 9 - 0;13
Kangaskhan Forretress;Charizard Noctowl;29,27;12 - 29 - 0;41
Kangaskhan Forretress;Lucario Hariyama;25,0;3 - 9 - 0;12
Slaking;Mega Venusaur;100,0;6 - 0 - 0;6
Slaking;Sharpedo Toxtricity;83,33;5 - 1 - 0;6
Slaking;Tera Box;75,0;6 - 2 - 0;8
Slaking;Mega Absol Box;70,0;14 - 6 - 1;21
Slaking;Greninja;66,67;6 - 3 - 0;9
Slaking;N's Zoroark;61,11;11 - 7 - 0;18
Slaking;Charizard Pidgeot;59,26;16 - 11 - 0;27
Slaking;Lopunny Dusknoir;57,14;8 - 6 - 0;14
Slaking;Dragapult Charizard;50,0;5 - 5 - 0;10
Slaking;Gardevoir Jellicent;47,06;16 - 18 - 0;34
Slaking;Dragapult Dusknoir;44,9;22 - 27 - 0;49
Slaking;Charizard Noctowl;42,42;14 - 19 - 0;33
Slaking;Gholdengo Lunatone;39,58;19 - 29 - 0;48
Slaking;Gardevoir;33,33;6 - 12 - 0;18
Slaking;Ceruledge;33,33;4 - 8 - 0;12
Slaking;Alakazam Dudunsparce;32,0;8 - 17 - 1;26
Slaking;Kangaskhan Bouffalant;31,82;7 - 15 - 1;23
Slaking;Grimmsnarl Froslass;21,43;3 - 11 - 0;14
Slaking;Lucario Hariyama;20,0;3 - 12 - 0;15
Slaking;Raging Bolt Ogerpon;12,5;1 - 7 - 0;8
Archaludon;Tera Box;100,0;5 - 0 - 0;5
Archaludon;Mega Venusaur;66,67;6 - 3 - 0;9
Archaludon;Gardevoir Jellicent;57,89;11 - 8 - 0;19
Archaludon;Gardevoir;55,56;15 - 12 - 2;29
Archaludon;Greninja;54,55;6 - 5 - 0;11
Archaludon;Mega Absol Box;52,94;18 - 16 - 1;35
Archaludon;Dragapult Dusknoir;51,52;34 - 32 - 1;67
Archaludon;Lucario Hariyama;50,0;5 - 5 - 0;10
Archaludon;Kangaskhan Bouffalant;43,75;7 - 9 - 2;18
Archaludon;Charizard Noctowl;43,48;10 - 13 - 3;26
Archaludon;Raging Bolt Ogerpon;42,11;8 - 11 - 1;20
Archaludon;N's Zoroark;40,0;6 - 9 - 2;17
Archaludon;Lopunny Dusknoir;30,77;4 - 9 - 0;13
Archaludon;Alakazam Dudunsparce;29,17;7 - 17 - 0;24
Archaludon;Grimmsnarl Froslass;28,57;6 - 15 - 0;21
Archaludon;Charizard Pidgeot;27,59;8 - 21 - 0;29
Archaludon;Ceruledge;27,27;3 - 8 - 1;12
Archaludon;Gholdengo Lunatone;25,71;9 - 26 - 0;35
Archaludon;Dragapult Charizard;15,38;2 - 11 - 0;13
Chien-Pao Baxcalibur;Dragapult Charizard;80,0;4 - 1 - 0;5
Chien-Pao Baxcalibur;Charizard Pidgeot;71,43;10 - 4 - 0;14
Chien-Pao Baxcalibur;Ceruledge;64,29;9 - 5 - 0;14
Chien-Pao Baxcalibur;Gardevoir;50,0;6 - 6 - 0;12
Chien-Pao Baxcalibur;Sharpedo Toxtricity;50,0;3 - 3 - 0;6
Chien-Pao Baxcalibur;Mega Absol Box;43,75;7 - 9 - 1;17
Chien-Pao Baxcalibur;Dragapult Dusknoir;41,67;15 - 21 - 0;36
Chien-Pao Baxcalibur;Gholdengo Lunatone;37,84;14 - 23 - 1;38
Chien-Pao Baxcalibur;Lucario Hariyama;37,5;3 - 5 - 1;9
Chien-Pao Baxcalibur;Greninja;37,5;3 - 5 - 0;8
Chien-Pao Baxcalibur;Grimmsnarl Froslass;36,36;8 - 14 - 2;24
Chien-Pao Baxcalibur;Raging Bolt Ogerpon;36,36;4 - 7 - 0;11
Chien-Pao Baxcalibur;Charizard Noctowl;34,78;8 - 15 - 0;23
Chien-Pao Baxcalibur;N's Zoroark;33,33;7 - 14 - 0;21
Chien-Pao Baxcalibur;Mega Venusaur;33,33;3 - 6 - 0;9
Chien-Pao Baxcalibur;Kangaskhan Bouffalant;30,0;3 - 7 - 1;11
Chien-Pao Baxcalibur;Gardevoir Jellicent;22,22;4 - 14 - 1;19
Chien-Pao Baxcalibur;Tera Box;20,0;2 - 8 - 0;10
Chien-Pao Baxcalibur;Alakazam Dudunsparce;19,23;5 - 21 - 0;26
Chien-Pao Baxcalibur;Lopunny Dusknoir;10,0;1 - 9 - 0;10
Iron Valiant;Greninja;100,0;8 - 0 - 0;8
Iron Valiant;Tera Box;100,0;6 - 0 - 0;6
Iron Valiant;Sharpedo Toxtricity;87,5;7 - 1 - 0;8
Iron Valiant;Lucario Hariyama;87,5;7 - 1 - 0;8
Iron Valiant;Alakazam Dudunsparce;61,9;13 - 8 - 0;21
Iron Valiant;Ceruledge;60,0;6 - 4 - 0;10
Iron Valiant;Charizard Pidgeot;54,55;12 - 10 - 0;22
Iron Valiant;Gardevoir;53,85;7 - 6 - 0;13
Iron Valiant;Dragapult Dusknoir;52,56;41 - 37 - 0;78
Iron Valiant;N's Zoroark;46,67;7 - 8 - 0;15
Iron Valiant;Gholdengo Lunatone;39,58;19 - 29 - 0;48
Iron Valiant;Charizard Noctowl;37,5;12 - 20 - 0;32
Iron Valiant;Kangaskhan Bouffalant;35,71;5 - 9 - 0;14
Iron Valiant;Mega Absol Box;35,29;6 - 11 - 0;17
Iron Valiant;Gardevoir Jellicent;33,33;5 - 10 - 0;15
Iron Valiant;Raging Bolt Ogerpon;33,33;3 - 6 - 0;9
Iron Valiant;Dragapult Charizard;33,33;3 - 6 - 0;9
Iron Valiant;Mega Venusaur;33,33;2 - 4 - 0;6
Iron Valiant;Grimmsnarl Froslass;29,41;5 - 12 - 1;18
Iron Valiant;Lopunny Dusknoir;22,22;2 - 7 - 0;9
Conkeldurr;Sharpedo Toxtricity;100,0;3 - 0 - 0;3
Conkeldurr;Kangaskhan Bouffalant;92,31;12 - 1 - 0;13
Conkeldurr;Lucario Hariyama;75,0;3 - 1 - 0;4
Conkeldurr;Ceruledge;69,23;9 - 4 - 0;13
Conkeldurr;Gholdengo Lunatone;66,67;24 - 12 - 1;37
Conkeldurr;Mega Venusaur;63,64;7 - 4 - 0;11
Conkeldurr;Grimmsnarl Froslass;56,0;14 - 11 - 2;27
Conkeldurr;N's Zoroark;53,85;7 - 6 - 1;14
Conkeldurr;Lopunny Dusknoir;53,85;7 - 6 - 0;13
Conkeldurr;Charizard Pidgeot;50,0;13 - 13 - 1;27
Conkeldurr;Mega Absol Box;43,75;14 - 18 - 0;32
Conkeldurr;Alakazam Dudunsparce;43,75;7 - 9 - 0;16
Conkeldurr;Dragapult Dusknoir;36,73;18 - 31 - 2;51
Conkeldurr;Raging Bolt Ogerpon;33,33;5 - 10 - 0;15
Conkeldurr;Gardevoir;31,82;7 - 15 - 1;23
Conkeldurr;Charizard Noctowl;30,0;6 - 14 - 0;20
Conkeldurr;Gardevoir Jellicent;27,78;5 - 13 - 0;18
Conkeldurr;Dragapult Charizard;22,22;2 - 7 - 0;9
Conkeldurr;Tera Box;14,29;1 - 6 - 0;7
Conkeldurr;Greninja;0,0;0 - 3 - 0;3
Iron Thorns Crustle;Greninja;83,33;5 - 1 - 0;6
Iron Thorns Crustle;Charizard Noctowl;75,0;15 - 5 - 0;20
Iron Thorns Crustle;Kangaskhan Bouffalant;69,23;9 - 4 - 0;13
Iron Thorns Crustle;Ceruledge;69,23;9 - 4 - 0;13
Iron Thorns Crustle;Charizard Pidgeot;60,0;6 - 4 - 0;10
Iron Thorns Crustle;Sharpedo Toxtricity;60,0;3 - 2 - 0;5
Iron Thorns Crustle;Grimmsnarl Froslass;57,14;12 - 9 - 0;21
Iron Thorns Crustle;N's Zoroark;55,56;10 - 8 - 0;18
Iron Thorns Crustle;Gholdengo Lunatone;52,0;13 - 12 - 1;26
Iron Thorns Crustle;Raging Bolt Ogerpon;50,0;5 - 5 - 0;10
Iron Thorns Crustle;Mega Absol Box;46,15;12 - 14 - 1;27
Iron Thorns Crustle;Gardevoir Jellicent;36,36;4 - 7 - 0;11
Iron Thorns Crustle;Gardevoir;36,36;4 - 7 - 0;11
Iron Thorns Crustle;Dragapult Charizard;35,71;5 - 9 - 0;14
Iron Thorns Crustle;Lopunny Dusknoir;33,33;2 - 4 - 0;6
Iron Thorns Crustle;Dragapult Dusknoir;32,65;16 - 33 - 1;50
Iron Thorns Crustle;Lucario Hariyama;30,0;3 - 7 - 0;10
Iron Thorns Crustle;Tera Box;16,67;1 - 5 - 0;6
Iron Thorns Crustle;Alakazam Dudunsparce;0,0;0 - 12 - 0;12
Manectric Eelektrik;Lopunny Dusknoir;75,0;6 - 2 - 0;8
Manectric Eelektrik;Sharpedo Toxtricity;62,5;5 - 3 - 0;8
Manectric Eelektrik;Grimmsnarl Froslass;57,14;12 - 9 - 0;21
Manectric Eelektrik;Mega Venusaur;57,14;4 - 3 - 0;7
Manectric Eelektrik;Tera Box;57,14;4 - 3 - 0;7
Manectric Eelektrik;N's Zoroark;50,0;8 - 8 - 0;16
Manectric Eelektrik;Lucario Hariyama;50,0;3 - 3 - 0;6
Manectric Eelektrik;Ceruledge;45,45;5 - 6 - 1;12
Manectric Eelektrik;Dragapult Dusknoir;44,74;17 - 21 - 0;38
Manectric Eelektrik;Dragapult Charizard;40,0;2 - 3 - 0;5
Manectric Eelektrik;Mega Absol Box;39,13;9 - 14 - 1;24
Manectric Eelektrik;Charizard Noctowl;39,13;9 - 14 - 0;23
Manectric Eelektrik;Raging Bolt Ogerpon;37,5;6 - 10 - 1;17
Manectric Eelektrik;Gardevoir;36,36;4 - 7 - 1;12
Manectric Eelektrik;Gholdengo Lunatone;26,83;11 - 30 - 0;41
Manectric Eelektrik;Kangaskhan Bouffalant;20,0;2 - 8 - 0;10
Manectric Eelektrik;Gardevoir Jellicent;19,05;4 - 17 - 0;21
Manectric Eelektrik;Alakazam Dudunsparce;18,18;2 - 9 - 0;11
Manectric Eelektrik;Charizard Pidgeot;0,0;0 - 8 - 1;9
Manectric Eelektrik;Greninja;0,0;0 - 5 - 0;5
Wugtrio Mill;Dragapult Charizard;80,0;4 - 1 - 1;6
Wugtrio Mill;Charizard Pidgeot;66,67;10 - 5 - 1;16
Wugtrio Mill;Sharpedo Toxtricity;66,67;2 - 1 - 0;3
Wugtrio Mill;Mega Venusaur;66,67;2 - 1 - 0;3
Wugtrio Mill;N's Zoroark;62,5;10 - 6 - 0;16
Wugtrio Mill;Lucario Hariyama;60,0;3 - 2 - 0;5
Wugtrio Mill;Alakazam Dudunsparce;57,89;11 - 8 - 0;19
Wugtrio Mill;Greninja;57,14;4 - 3 - 0;7
Wugtrio Mill;Raging Bolt Ogerpon;46,67;7 - 8 - 0;15
Wugtrio Mill;Gholdengo Lunatone;39,58;19 - 29 - 0;48
Wugtrio Mill;Kangaskhan Bouffalant;36,36;4 - 7 - 0;11
Wugtrio Mill;Charizard Noctowl;35,0;7 - 13 - 0;20
Wugtrio Mill;Dragapult Dusknoir;29,79;14 - 33 - 0;47
Wugtrio Mill;Lopunny Dusknoir;28,57;2 - 5 - 0;7
Wugtrio Mill;Mega Absol Box;25,0;4 - 12 - 0;16
Wugtrio Mill;Tera Box;25,0;2 - 6 - 0;8
Wugtrio Mill;Gardevoir Jellicent;23,81;5 - 16 - 2;23
Wugtrio Mill;Gardevoir;15,79;3 - 16 - 0;19
Wugtrio Mill;Grimmsnarl Froslass;9,09;1 - 10 - 0;11
Charizard;Mega Absol Box;66,67;6 - 3 - 2;11
Charizard;Mega Venusaur;55,56;5 - 4 - 0;9
Charizard;Ceruledge;55,56;5 - 4 - 0;9
Charizard;Kangaskhan Bouffalant;50,0;8 - 8 - 0;16
Charizard;Gardevoir;45,45;5 - 6 - 0;11
Charizard;Alakazam Dudunsparce;45,0;9 - 11 - 0;20
Charizard;N's Zoroark;43,75;7 - 9 - 0;16
Charizard;Lopunny Dusknoir;42,86;3 - 4 - 0;7
Charizard;Charizard Pidgeot;37,5;6 - 10 - 0;16
Charizard;Sharpedo Toxtricity;33,33;3 - 6 - 0;9
Charizard;Raging Bolt Ogerpon;33,33;2 - 4 - 0;6
Charizard;Lucario Hariyama;33,33;1 - 2 - 0;3
Charizard;Charizard Noctowl;31,82;7 - 15 - 4;26
Charizard;Dragapult Dusknoir;29,55;13 - 31 - 1;45
Charizard;Gardevoir Jellicent;29,41;5 - 12 - 0;17
Charizard;Tera Box;28,57;2 - 5 - 1;8
Charizard;Greninja;28,57;2 - 5 - 0;7
Charizard;Grimmsnarl Froslass;27,78;5 - 13 - 0;18
Charizard;Gholdengo Lunatone;22,73;10 - 34 - 1;45
Charizard;Dragapult Charizard;12,5;1 - 7 - 0;8
Mega Lopunny;Sharpedo Toxtricity;77,78;7 - 2 - 0;9
Mega Lopunny;Mega Venusaur;75,0;3 - 1 - 0;4
Mega Lopunny;N's Zoroark;63,64;7 - 4 - 0;11
Mega Lopunny;Tera Box;63,64;7 - 4 - 0;11
Mega Lopunny;Lopunny Dusknoir;60,0;6 - 4 - 0;10
Mega Lopunny;Alakazam Dudunsparce;58,33;7 - 5 - 0;12
Mega Lopunny;Ceruledge;50,0;7 - 7 - 0;14
Mega Lopunny;Raging Bolt Ogerpon;50,0;6 - 6 - 0;12
Mega Lopunny;Lucario Hariyama;50,0;3 - 3 - 0;6
Mega Lopunny;Dragapult Charizard;50,0;3 - 3 - 0;6
Mega Lopunny;Charizard Pidgeot;47,62;10 - 11 - 2;23
Mega Lopunny;Charizard Noctowl;45,45;10 - 12 - 0;22
Mega Lopunny;Dragapult Dusknoir;44,68;21 - 26 - 0;47
Mega Lopunny;Gardevoir;44,44;4 - 5 - 0;9
Mega Lopunny;Grimmsnarl Froslass;41,18;7 - 10 - 0;17
Mega Lopunny;Gholdengo Lunatone;38,1;16 - 26 - 1;43
Mega Lopunny;Kangaskhan Bouffalant;35,71;5 - 9 - 0;14
Mega Lopunny;Mega Absol Box;31,58;6 - 13 - 0;19
Mega Lopunny;Gardevoir Jellicent;30,0;6 - 14 - 1;21
Mega Lopunny;Greninja;20,0;1 - 4 - 0;5
Terapagos Noctowl;Mega Venusaur;83,33;5 - 1 - 0;6
Terapagos Noctowl;Tera Box;57,14;4 - 3 - 0;7
Terapagos Noctowl;Grimmsnarl Froslass;53,33;8 - 7 - 0;15
Terapagos Noctowl;Charizard Pidgeot;52,38;11 - 10 - 0;21
Terapagos Noctowl;Charizard Noctowl;52,0;13 - 12 - 0;25
Terapagos Noctowl;Alakazam Dudunsparce;50,0;9 - 9 - 0;18
Terapagos Noctowl;Mega Absol Box;50,0;6 - 6 - 0;12
Terapagos Noctowl;Dragapult Charizard;50,0;4 - 4 - 0;8
Terapagos Noctowl;Raging Bolt Ogerpon;45,45;5 - 6 - 0;11
Terapagos Noctowl;Gardevoir;45,45;5 - 6 - 0;11
Terapagos Noctowl;Kangaskhan Bouffalant;44,44;8 - 10 - 1;19
Terapagos Noctowl;Lopunny Dusknoir;43,75;7 - 9 - 0;16
Terapagos Noctowl;N's Zoroark;35,71;5 - 9 - 0;14
Terapagos Noctowl;Dragapult Dusknoir;33,33;18 - 36 - 0;54
Terapagos Noctowl;Gardevoir Jellicent;33,33;7 - 14 - 0;21
Terapagos Noctowl;Sharpedo Toxtricity;33,33;2 - 4 - 0;6
Terapagos Noctowl;Lucario Hariyama;25,0;1 - 3 - 0;4
Terapagos Noctowl;Gholdengo Lunatone;20,0;6 - 24 - 0;30
Terapagos Noctowl;Ceruledge;20,0;1 - 4 - 0;5
Raging Bolt;N's Zoroark;88,89;8 - 1 - 0;9
Raging Bolt;Grimmsnarl Froslass;68,75;11 - 5 - 0;16
Raging Bolt;Greninja;60,0;3 - 2 - 0;5
Raging Bolt;Charizard Pidgeot;58,33;7 - 5 - 0;12
Raging Bolt;Kangaskhan Bouffalant;50,0;5 - 5 - 0;10
Raging Bolt;Gardevoir;50,0;4 - 4 - 0;8
Raging Bolt;Ceruledge;50,0;4 - 4 - 0;8
Raging Bolt;Raging Bolt Ogerpon;42,86;3 - 4 - 0;7
Raging Bolt;Gholdengo Lunatone;41,67;10 - 14 - 0;24
Raging Bolt;Mega Absol Box;41,67;5 - 7 - 0;12
Raging Bolt;Dragapult Dusknoir;41,03;16 - 23 - 0;39
Raging Bolt;Gardevoir Jellicent;33,33;4 - 8 - 0;12
Raging Bolt;Mega Venusaur;33,33;2 - 4 - 0;6
Raging Bolt;Sharpedo Toxtricity;33,33;1 - 2 - 0;3
Raging Bolt;Dragapult Charizard;33,33;1 - 2 - 0;3
Raging Bolt;Alakazam Dudunsparce;20,0;2 - 8 - 0;10
Raging Bolt;Charizard Noctowl;15,79;3 - 16 - 0;19
Raging Bolt;Tera Box;14,29;1 - 6 - 0;7
Raging Bolt;Lopunny Dusknoir;11,11;1 - 8 - 0;9
Raging Bolt;Lucario Hariyama;11,11;1 - 8 - 0;9
Mega Abomasnow;Greninja;80,0;4 - 1 - 0;5
Mega Abomasnow;N's Zoroark;66,67;10 - 5 - 0;15
Mega Abomasnow;Tera Box;60,0;3 - 2 - 0;5
Mega Abomasnow;Ceruledge;55,56;5 - 4 - 1;10
Mega Abomasnow;Kangaskhan Bouffalant;55,56;5 - 4 - 0;9
Mega Abomasnow;Charizard Noctowl;46,67;7 - 8 - 0;15
Mega Abomasnow;Mega Absol Box;44,44;8 - 10 - 0;18
Mega Abomasnow;Lucario Hariyama;37,5;3 - 5 - 0;8
Mega Abomasnow;Grimmsnarl Froslass;35,71;5 - 9 - 0;14
Mega Abomasnow;Dragapult Dusknoir;34,78;16 - 30 - 0;46
Mega Abomasnow;Gardevoir;33,33;3 - 6 - 1;10
Mega Abomasnow;Charizard Pidgeot;30,77;4 - 9 - 0;13
Mega Abomasnow;Raging Bolt Ogerpon;30,0;3 - 7 - 0;10
Mega Abomasnow;Alakazam Dudunsparce;25,0;4 - 12 - 0;16
Mega Abomasnow;Gardevoir Jellicent;15,38;2 - 11 - 0;13
Mega Abomasnow;Gholdengo Lunatone;15,15;5 - 28 - 0;33
Mega Abomasnow;Lopunny Dusknoir;14,29;1 - 6 - 1;8
Mega Abomasnow;Dragapult Charizard;0,0;0 - 5 - 0;5
Feraligatr;Mega Venusaur;100,0;4 - 0 - 0;4
Feraligatr;Tera Box;75,0;3 - 1 - 0;4
Feraligatr;Charizard Pidgeot;57,14;8 - 6 - 0;14
Feraligatr;Gardevoir Jellicent;52,38;11 - 10 - 3;24
Feraligatr;Lopunny Dusknoir;50,0;4 - 4 - 0;8
Feraligatr;Raging Bolt Ogerpon;45,45;5 - 6 - 0;11
Feraligatr;Sharpedo Toxtricity;42,86;3 - 4 - 0;7
Feraligatr;Dragapult Charizard;42,86;3 - 4 - 0;7
Feraligatr;Dragapult Dusknoir;38,46;15 - 24 - 1;40
Feraligatr;Ceruledge;38,46;5 - 8 - 0;13
Feraligatr;Kangaskhan Bouffalant;37,5;3 - 5 - 1;9
Feraligatr;N's Zoroark;30,0;6 - 14 - 0;20
Feraligatr;Charizard Noctowl;30,0;3 - 7 - 3;13
Feraligatr;Gholdengo Lunatone;28,57;6 - 15 - 0;21
Feraligatr;Alakazam Dudunsparce;23,08;3 - 10 - 0;13
Feraligatr;Grimmsnarl Froslass;22,22;2 - 7 - 0;9
Feraligatr;Mega Absol Box;11,11;1 - 8 - 0;9
Feraligatr;Gardevoir;9,09;1 - 10 - 0;11
Feraligatr;Greninja;0,0;0 - 6 - 0;6
Tyranitar;N's Zoroark;57,14;8 - 6 - 0;14
Tyranitar;Alakazam Dudunsparce;54,55;6 - 5 - 1;12
Tyranitar;Gardevoir Jellicent;50,0;6 - 6 - 1;13
Tyranitar;Charizard Pidgeot;50,0;5 - 5 - 0;10
Tyranitar;Ceruledge;40,0;2 - 3 - 0;5
Tyranitar;Gardevoir;37,5;3 - 5 - 0;8
Tyranitar;Gholdengo Lunatone;36,67;11 - 19 - 0;30
Tyranitar;Dragapult Dusknoir;36,0;9 - 16 - 1;26
Tyranitar;Charizard Noctowl;33,33;6 - 12 - 0;18
Tyranitar;Grimmsnarl Froslass;33,33;2 - 4 - 0;6
Tyranitar;Mega Venusaur;33,33;1 - 2 - 0;3
Tyranitar;Tera Box;28,57;2 - 5 - 0;7
Tyranitar;Mega Absol Box;28,57;2 - 5 - 0;7
Tyranitar;Raging Bolt Ogerpon;27,27;3 - 8 - 0;11
Tyranitar;Dragapult Charizard;25,0;1 - 3 - 0;4
Tyranitar;Lucario Hariyama;25,0;1 - 3 - 0;4
Tyranitar;Sharpedo Toxtricity;20,0;1 - 4 - 1;6
Zoroark Crustle;Ceruledge;100,0;7 - 0 - 0;7
Zoroark Crustle;N's Zoroark;84,62;11 - 2 - 1;14
Zoroark Crustle;Lopunny Dusknoir;71,43;10 - 4 - 0;14
Zoroark Crustle;Sharpedo Toxtricity;66,67;4 - 2 - 0;6
Zoroark Crustle;Charizard Pidgeot;60,87;14 - 9 - 1;24
Zoroark Crustle;Dragapult Charizard;60,0;3 - 2 - 1;6
Zoroark Crustle;Grimmsnarl Froslass;57,14;12 - 9 - 0;21
Zoroark Crustle;Charizard Noctowl;50,0;5 - 5 - 0;10
Zoroark Crustle;Kangaskhan Bouffalant;50,0;3 - 3 - 4;10
Zoroark Crustle;Dragapult Dusknoir;48,48;16 - 17 - 1;34
Zoroark Crustle;Gholdengo Lunatone;46,15;12 - 14 - 0;26
Zoroark Crustle;Mega Absol Box;40,0;8 - 12 - 2;22
Zoroark Crustle;Greninja;40,0;2 - 3 - 0;5
Zoroark Crustle;Gardevoir Jellicent;38,89;7 - 11 - 0;18
Zoroark Crustle;Gardevoir;37,5;3 - 5 - 0;8
Zoroark Crustle;Alakazam Dudunsparce;35,71;5 - 9 - 2;16
Zoroark Crustle;Tera Box;25,0;2 - 6 - 0;8
Zoroark Crustle;Lucario Hariyama;0,0;0 - 5 - 1;6
Zoroark Crustle;Mega Venusaur;0,0;0 - 3 - 0;3
Zoroark Crustle;Raging Bolt Ogerpon;0,0;0 - 3 - 0;3
Mega Kangaskhan;Mega Absol Box;75,0;6 - 2 - 0;8
Mega Kangaskhan;Grimmsnarl Froslass;70,0;7 - 3 - 0;10
Mega Kangaskhan;Tera Box;60,0;3 - 2 - 0;5
Mega Kangaskhan;N's Zoroark;52,94;9 - 8 - 0;17
Mega Kangaskhan;Gardevoir Jellicent;50,0;6 - 6 - 1;13
Mega Kangaskhan;Dragapult Charizard;44,44;4 - 5 - 1;10
Mega Kangaskhan;Raging Bolt Ogerpon;44,44;4 - 5 - 0;9
Mega Kangaskhan;Kangaskhan Bouffalant;42,86;3 - 4 - 0;7
Mega Kangaskhan;Dragapult Dusknoir;34,38;11 - 21 - 2;34
Mega Kangaskhan;Gardevoir;33,33;3 - 6 - 0;9
Mega Kangaskhan;Mega Venusaur;33,33;1 - 2 - 0;3
Mega Kangaskhan;Charizard Pidgeot;30,0;3 - 7 - 1;11
Mega Kangaskhan;Gholdengo Lunatone;26,32;5 - 14 - 1;20
Mega Kangaskhan;Alakazam Dudunsparce;23,08;3 - 10 - 0;13
Mega Kangaskhan;Greninja;16,67;1 - 5 - 0;6
Mega Kangaskhan;Charizard Noctowl;9,09;1 - 10 - 0;11
Mega Kangaskhan;Lucario Hariyama;0,0;0 - 4 - 0;4
Mega Kangaskhan;Lopunny Dusknoir;0,0;0 - 4 - 0;4
Dragapult Blaziken;Alakazam Dudunsparce;83,33;10 - 2 - 0;12
Dragapult Blaziken;Mega Venusaur;75,0;3 - 1 - 0;4
Dragapult Blaziken;Dragapult Charizard;66,67;4 - 2 - 0;6
Dragapult Blaziken;Tera Box;60,0;3 - 2 - 0;5
Dragapult Blaziken;Dragapult Dusknoir;55,88;19 - 15 - 1;35
Dragapult Blaziken;Charizard Pidgeot;54,55;6 - 5 - 0;11
Dragapult Blaziken;Grimmsnarl Froslass;50,0;7 - 7 - 0;14
Dragapult Blaziken;Gardevoir;50,0;3 - 3 - 0;6
Dragapult Blaziken;Kangaskhan Bouffalant;50,0;3 - 3 - 0;6
Dragapult Blaziken;Charizard Noctowl;46,67;7 - 8 - 0;15
Dragapult Blaziken;Lopunny Dusknoir;42,86;3 - 4 - 0;7
Dragapult Blaziken;Ceruledge;40,0;2 - 3 - 0;5
Dragapult Blaziken;Gholdengo Lunatone;33,33;9 - 18 - 1;28
Dragapult Blaziken;Mega Absol Box;33,33;3 - 6 - 0;9
Dragapult Blaziken;Raging Bolt Ogerpon;28,57;4 - 10 - 0;14
Dragapult Blaziken;Greninja;25,0;1 - 3 - 0;4
Dragapult Blaziken;Gardevoir Jellicent;18,18;2 - 9 - 0;11
Dragapult Blaziken;N's Zoroark;16,67;1 - 5 - 1;7
Great Tusk Mill;Ceruledge;75,0;3 - 1 - 0;4
Great Tusk Mill;Grimmsnarl Froslass;71,43;5 - 2 - 0;7
Great Tusk Mill;Gholdengo Lunatone;65,0;13 - 7 - 0;20
Great Tusk Mill;Gardevoir Jellicent;60,0;3 - 2 - 0;5
Great Tusk Mill;Alakazam Dudunsparce;58,33;7 - 5 - 0;12
Great Tusk Mill;Lucario Hariyama;50,0;4 - 4 - 0;8
Great Tusk Mill;N's Zoroark;50,0;4 - 4 - 0;8
Great Tusk Mill;Mega Venusaur;50,0;2 - 2 - 0;4
Great Tusk Mill;Lopunny Dusknoir;42,86;3 - 4 - 0;7
Great Tusk Mill;Dragapult Dusknoir;42,11;8 - 11 - 0;19
Great Tusk Mill;Charizard Noctowl;41,67;5 - 7 - 0;12
Great Tusk Mill;Dragapult Charizard;40,0;2 - 3 - 0;5
Great Tusk Mill;Gardevoir;30,0;3 - 7 - 0;10
Great Tusk Mill;Sharpedo Toxtricity;28,57;2 - 5 - 0;7
Great Tusk Mill;Greninja;25,0;1 - 3 - 0;4
Great Tusk Mill;Charizard Pidgeot;14,29;1 - 6 - 0;7
Great Tusk Mill;Mega Absol Box;0,0;0 - 6 - 1;7
Rocket's Spidops;Sharpedo Toxtricity;75,0;3 - 1 - 0;4
Rocket's Spidops;N's Zoroark;62,5;5 - 3 - 0;8
Rocket's Spidops;Grimmsnarl Froslass;60,0;9 - 6 - 0;15
Rocket's Spidops;Dragapult Charizard;60,0;3 - 2 - 0;5
Rocket's Spidops;Gholdengo Lunatone;50,0;10 - 10 - 2;22
Rocket's Spidops;Raging Bolt Ogerpon;50,0;3 - 3 - 0;6
Rocket's Spidops;Dragapult Dusknoir;45,45;15 - 18 - 1;34
Rocket's Spidops;Charizard Pidgeot;42,86;3 - 4 - 1;8
Rocket's Spidops;Ceruledge;42,86;3 - 4 - 1;8
Rocket's Spidops;Gardevoir Jellicent;36,36;4 - 7 - 0;11
Rocket's Spidops;Alakazam Dudunsparce;35,71;5 - 9 - 1;15
Rocket's Spidops;Lucario Hariyama;33,33;3 - 6 - 2;11
Rocket's Spidops;Greninja;33,33;1 - 2 - 1;4
Rocket's Spidops;Charizard Noctowl;30,77;4 - 9 - 1;14
Rocket's Spidops;Gardevoir;30,0;3 - 7 - 0;10
Rocket's Spidops;Lopunny Dusknoir;28,57;2 - 5 - 0;7
Rocket's Spidops;Kangaskhan Bouffalant;16,67;2 - 10 - 0;12
Rocket's Spidops;Tera Box;16,67;1 - 5 - 0;6
Rocket's Spidops;Mega Absol Box;16,67;1 - 5 - 0;6
Yanmega;N's Zoroark;78,57;11 - 3 - 0;14
Yanmega;Lopunny Dusknoir;66,67;2 - 1 - 0;3
Yanmega;Ceruledge;66,67;2 - 1 - 0;3
Yanmega;Charizard Pidgeot;64,29;9 - 5 - 2;16
Yanmega;Charizard Noctowl;63,64;7 - 4 - 0;11
Yanmega;Mega Venusaur;60,0;3 - 2 - 0;5
Yanmega;Greninja;57,14;4 - 3 - 0;7
Yanmega;Mega Absol Box;53,33;8 - 7 - 0;15
Yanmega;Kangaskhan Bouffalant;50,0;3 - 3 - 1;7
Yanmega;Sharpedo Toxtricity;50,0;2 - 2 - 0;4
Yanmega;Tera Box;50,0;1 - 1 - 1;3
Yanmega;Gardevoir Jellicent;45,45;5 - 6 - 0;11
Yanmega;Raging Bolt Ogerpon;42,86;3 - 4 - 0;7
Yanmega;Dragapult Dusknoir;40,0;8 - 12 - 1;21
Yanmega;Grimmsnarl Froslass;40,0;2 - 3 - 0;5
Yanmega;Alakazam Dudunsparce;30,0;3 - 7 - 0;10
Yanmega;Lucario Hariyama;25,0;1 - 3 - 0;4
Yanmega;Gholdengo Lunatone;22,22;6 - 21 - 1;28
Yanmega;Gardevoir;14,29;1 - 6 - 0;7
Paldean Tauros;Lopunny Dusknoir;100,0;7 - 0 - 0;7
Paldean Tauros;Kangaskhan Bouffalant;85,71;6 - 1 - 0;7
Paldean Tauros;Charizard Pidgeot;71,43;5 - 2 - 0;7
Paldean Tauros;Lucario Hariyama;66,67;6 - 3 - 0;9
Paldean Tauros;Ceruledge;60,0;3 - 2 - 0;5
Paldean Tauros;Sharpedo Toxtricity;57,14;4 - 3 - 0;7
Paldean Tauros;N's Zoroark;55,56;10 - 8 - 0;18
Paldean Tauros;Alakazam Dudunsparce;54,55;6 - 5 - 0;11
Paldean Tauros;Gholdengo Lunatone;50,0;11 - 11 - 0;22
Paldean Tauros;Raging Bolt Ogerpon;50,0;3 - 3 - 1;7
Paldean Tauros;Mega Venusaur;50,0;3 - 3 - 0;6
Paldean Tauros;Tera Box;50,0;2 - 2 - 0;4
Paldean Tauros;Grimmsnarl Froslass;40,0;4 - 6 - 0;10
Paldean Tauros;Dragapult Dusknoir;33,33;7 - 14 - 1;22
Paldean Tauros;Gardevoir Jellicent;25,0;3 - 9 - 0;12
Paldean Tauros;Mega Absol Box;14,29;1 - 6 - 2;9
Paldean Tauros;Gardevoir;0,0;0 - 10 - 0;10
Paldean Tauros;Dragapult Charizard;0,0;0 - 4 - 0;4
Paldean Tauros;Charizard Noctowl;0,0;0 - 4 - 0;4
Palafin;Sharpedo Toxtricity;75,0;3 - 1 - 0;4
Palafin;Gardevoir;75,0;3 - 1 - 0;4
Palafin;Gholdengo Lunatone;62,5;10 - 6 - 0;16
Palafin;Ceruledge;55,56;5 - 4 - 0;9
Palafin;N's Zoroark;50,0;7 - 7 - 0;14
Palafin;Greninja;50,0;2 - 2 - 0;4
Palafin;Mega Absol Box;43,75;7 - 9 - 0;16
Palafin;Dragapult Dusknoir;42,86;9 - 12 - 0;21
Palafin;Charizard Pidgeot;40,0;2 - 3 - 0;5
Palafin;Raging Bolt Ogerpon;37,5;3 - 5 - 0;8
Palafin;Charizard Noctowl;33,33;4 - 8 - 0;12
Palafin;Tera Box;33,33;2 - 4 - 1;7
Palafin;Kangaskhan Bouffalant;28,57;2 - 5 - 1;8
Palafin;Grimmsnarl Froslass;25,0;2 - 6 - 0;8
Palafin;Lopunny Dusknoir;25,0;1 - 3 - 0;4
Palafin;Gardevoir Jellicent;16,67;1 - 5 - 0;6
Palafin;Dragapult Charizard;14,29;1 - 6 - 0;7
Palafin;Alakazam Dudunsparce;11,11;1 - 8 - 1;10
Iono's Bellibolt;Mega Venusaur;66,67;6 - 3 - 0;9
Iono's Bellibolt;Sharpedo Toxtricity;66,67;2 - 1 - 0;3
Iono's Bellibolt;Kangaskhan Bouffalant;60,0;3 - 2 - 0;5
Iono's Bellibolt;Gardevoir Jellicent;57,14;4 - 3 - 0;7
Iono's Bellibolt;Dragapult Dusknoir;54,55;12 - 10 - 0;22
Iono's Bellibolt;Alakazam Dudunsparce;50,0;5 - 5 - 0;10
Iono's Bellibolt;Gholdengo Lunatone;47,06;8 - 9 - 0;17
Iono's Bellibolt;N's Zoroark;46,67;7 - 8 - 0;15
Iono's Bellibolt;Grimmsnarl Froslass;42,86;6 - 8 - 0;14
Iono's Bellibolt;Mega Absol Box;40,0;4 - 6 - 1;11
Iono's Bellibolt;Charizard Pidgeot;33,33;1 - 2 - 0;3
Iono's Bellibolt;Gardevoir;33,33;1 - 2 - 0;3
Iono's Bellibolt;Dragapult Charizard;28,57;2 - 5 - 0;7
Iono's Bellibolt;Charizard Noctowl;20,0;2 - 8 - 0;10
Iono's Bellibolt;Lopunny Dusknoir;20,0;1 - 4 - 0;5
Iono's Bellibolt;Tera Box;0,0;0 - 4 - 1;5
Iono's Bellibolt;Raging Bolt Ogerpon;0,0;0 - 4 - 0;4
Iono's Bellibolt;Ceruledge;0,0;0 - 4 - 0;4
Alakazam;Tera Box;100,0;3 - 0 - 1;4
Alakazam;Alakazam Dudunsparce;60,0;9 - 6 - 0;15
Alakazam;Ceruledge;57,14;4 - 3 - 0;7
Alakazam;Gholdengo Lunatone;56,25;9 - 7 - 0;16
Alakazam;Mega Absol Box;55,56;5 - 4 - 0;9
Alakazam;Gardevoir;50,0;3 - 3 - 0;6
Alakazam;Lopunny Dusknoir;50,0;2 - 2 - 0;4
Alakazam;N's Zoroark;50,0;2 - 2 - 0;4
Alakazam;Charizard Noctowl;44,44;4 - 5 - 0;9
Alakazam;Kangaskhan Bouffalant;42,86;3 - 4 - 0;7
Alakazam;Raging Bolt Ogerpon;40,0;2 - 3 - 0;5
Alakazam;Gardevoir Jellicent;37,5;6 - 10 - 0;16
Alakazam;Charizard Pidgeot;22,22;2 - 7 - 1;10
Alakazam;Dragapult Dusknoir;16,67;4 - 20 - 0;24
Alakazam;Grimmsnarl Froslass;0,0;0 - 6 - 0;6
Alakazam;Dragapult Charizard;0,0;0 - 4 - 1;5
Alakazam;Lucario Hariyama;0,0;0 - 3 - 0;3
Mega Latias;Ceruledge;75,0;6 - 2 - 0;8
Mega Latias;Gardevoir;66,67;2 - 1 - 0;3
Mega Latias;Greninja;66,67;2 - 1 - 0;3
Mega Latias;Mega Absol Box;60,0;6 - 4 - 1;11
Mega Latias;Charizard Pidgeot;50,0;4 - 4 - 0;8
Mega Latias;Dragapult Charizard;33,33;3 - 6 - 0;9
Mega Latias;Tera Box;33,33;1 - 2 - 0;3
Mega Latias;Raging Bolt Ogerpon;33,33;1 - 2 - 0;3
Mega Latias;Gholdengo Lunatone;31,25;5 - 11 - 0;16
Mega Latias;Charizard Noctowl;30,0;3 - 7 - 0;10
Mega Latias;Dragapult Dusknoir;28,57;6 - 15 - 0;21
Mega Latias;N's Zoroark;27,27;3 - 8 - 0;11
Mega Latias;Alakazam Dudunsparce;25,0;2 - 6 - 0;8
Mega Latias;Kangaskhan Bouffalant;25,0;1 - 3 - 0;4
Mega Latias;Grimmsnarl Froslass;20,0;1 - 4 - 0;5
Mega Latias;Gardevoir Jellicent;18,18;2 - 9 - 0;11
Okidogi;Grimmsnarl Froslass;100,0;5 - 0 - 0;5
Okidogi;Dragapult Dusknoir;66,67;6 - 3 - 0;9
Okidogi;Gholdengo Lunatone;50,0;4 - 4 - 0;8
Okidogi;Kangaskhan Bouffalant;50,0;2 - 2 - 0;4
Okidogi;Charizard Noctowl;50,0;2 - 2 - 0;4
Okidogi;Mega Absol Box;37,5;3 - 5 - 0;8
Okidogi;Mega Venusaur;33,33;1 - 2 - 0;3
Okidogi;Raging Bolt Ogerpon;33,33;1 - 2 - 0;3
Okidogi;Dragapult Charizard;25,0;1 - 3 - 0;4
Okidogi;Alakazam Dudunsparce;25,0;1 - 3 - 0;4
Okidogi;Lopunny Dusknoir;20,0;1 - 4 - 0;5
Okidogi;Charizard Pidgeot;0,0;0 - 4 - 0;4
Okidogi;Gardevoir Jellicent;0,0;0 - 3 - 0;3
Tsareena;Sharpedo Toxtricity;66,67;2 - 1 - 0;3
Tsareena;Kangaskhan Bouffalant;62,5;5 - 3 - 0;8
Tsareena;Lopunny Dusknoir;50,0;3 - 3 - 0;6
Tsareena;Alakazam Dudunsparce;42,86;3 - 4 - 0;7
Tsareena;N's Zoroark;42,86;3 - 4 - 0;7
Tsareena;Charizard Pidgeot;40,0;4 - 6 - 0;10
Tsareena;Dragapult Dusknoir;38,1;8 - 13 - 0;21
Tsareena;Gardevoir Jellicent;33,33;2 - 4 - 0;6
Tsareena;Mega Absol Box;33,33;2 - 4 - 0;6
Tsareena;Charizard Noctowl;30,0;3 - 7 - 0;10
Tsareena;Raging Bolt Ogerpon;20,0;1 - 4 - 0;5
Tsareena;Gholdengo Lunatone;16,67;3 - 15 - 0;18
Tsareena;Lucario Hariyama;16,67;1 - 5 - 0;6
Tsareena;Gardevoir;0,0;0 - 4 - 0;4
Tsareena;Grimmsnarl Froslass;0,0;0 - 3 - 1;4
Tsareena;Mega Venusaur;0,0;0 - 4 - 0;4
Tsareena;Ceruledge;0,0;0 - 3 - 0;3
Ancient Box;Alakazam Dudunsparce;75,0;9 - 3 - 0;12
Ancient Box;Ceruledge;75,0;3 - 1 - 1;5
Ancient Box;Gardevoir Jellicent;75,0;3 - 1 - 0;4
Ancient Box;Lopunny Dusknoir;66,67;2 - 1 - 0;3
Ancient Box;Tera Box;66,67;2 - 1 - 0;3
Ancient Box;Lucario Hariyama;60,0;3 - 2 - 0;5
Ancient Box;Raging Bolt Ogerpon;40,0;2 - 3 - 1;6
Ancient Box;Kangaskhan Bouffalant;37,5;3 - 5 - 0;8
Ancient Box;Gholdengo Lunatone;35,71;5 - 9 - 0;14
Ancient Box;N's Zoroark;33,33;1 - 2 - 0;3
Ancient Box;Mega Absol Box;25,0;1 - 3 - 0;4
Ancient Box;Dragapult Dusknoir;22,22;2 - 7 - 0;9
Ancient Box;Charizard Pidgeot;16,67;1 - 5 - 0;6
Ancient Box;Greninja;0,0;0 - 4 - 0;4
Raging Bolt Bellibolt;Mega Absol Box;71,43;5 - 2 - 0;7
Raging Bolt Bellibolt;Lopunny Dusknoir;60,0;3 - 2 - 0;5
Raging Bolt Bellibolt;Kangaskhan Bouffalant;57,14;4 - 3 - 0;7
Raging Bolt Bellibolt;Gardevoir;57,14;4 - 3 - 0;7
Raging Bolt Bellibolt;Grimmsnarl Froslass;55,56;5 - 4 - 0;9
Raging Bolt Bellibolt;Greninja;50,0;2 - 2 - 0;4
Raging Bolt Bellibolt;Dragapult Charizard;50,0;2 - 2 - 0;4
Raging Bolt Bellibolt;Charizard Noctowl;45,45;5 - 6 - 0;11
Raging Bolt Bellibolt;Raging Bolt Ogerpon;44,44;4 - 5 - 0;9
Raging Bolt Bellibolt;Alakazam Dudunsparce;40,0;4 - 6 - 0;10
Raging Bolt Bellibolt;Gardevoir Jellicent;40,0;4 - 6 - 0;10
Raging Bolt Bellibolt;Charizard Pidgeot;33,33;2 - 4 - 0;6
Raging Bolt Bellibolt;Dragapult Dusknoir;28,57;4 - 10 - 0;14
Raging Bolt Bellibolt;Ceruledge;28,57;2 - 5 - 0;7
Raging Bolt Bellibolt;N's Zoroark;25,0;1 - 3 - 0;4
Raging Bolt Bellibolt;Gholdengo Lunatone;20,0;4 - 16 - 0;20
Hydrapple;Raging Bolt Ogerpon;75,0;3 - 1 - 0;4
Hydrapple;N's Zoroark;70,0;7 - 3 - 0;10
Hydrapple;Lopunny Dusknoir;66,67;6 - 3 - 0;9
Hydrapple;Mega Absol Box;58,33;7 - 5 - 0;12
Hydrapple;Gardevoir Jellicent;53,33;8 - 7 - 0;15
Hydrapple;Gholdengo Lunatone;50,0;9 - 9 - 0;18
Hydrapple;Alakazam Dudunsparce;50,0;1 - 1 - 1;3
Hydrapple;Tera Box;37,5;3 - 5 - 0;8
Hydrapple;Charizard Noctowl;37,5;3 - 5 - 0;8
Hydrapple;Dragapult Charizard;33,33;2 - 4 - 0;6
Hydrapple;Mega Venusaur;33,33;1 - 2 - 0;3
Hydrapple;Charizard Pidgeot;20,0;1 - 4 - 0;5
Hydrapple;Dragapult Dusknoir;18,75;3 - 13 - 0;16
Hydrapple;Ceruledge;14,29;1 - 6 - 1;8
Hydrapple;Grimmsnarl Froslass;14,29;1 - 6 - 0;7
Hydrapple;Gardevoir;0,0;0 - 4 - 0;4
Hydrapple;Kangaskhan Bouffalant;0,0;0 - 3 - 0;3
Flareon;Charizard Noctowl;75,0;3 - 1 - 0;4
Flareon;N's Zoroark;50,0;4 - 4 - 0;8
Flareon;Gholdengo Lunatone;46,67;7 - 8 - 0;15
Flareon;Gardevoir Jellicent;41,67;5 - 7 - 0;12
Flareon;Sharpedo Toxtricity;37,5;3 - 5 - 0;8
Flareon;Charizard Pidgeot;33,33;2 - 4 - 0;6
Flareon;Dragapult Dusknoir;31,58;6 - 13 - 0;19
Flareon;Mega Absol Box;25,0;1 - 3 - 0;4
Flareon;Grimmsnarl Froslass;14,29;1 - 6 - 0;7
Flareon;Alakazam Dudunsparce;11,11;1 - 8 - 0;9
Flareon;Greninja;0,0;0 - 4 - 0;4
Flareon;Gardevoir;0,0;0 - 4 - 0;4
Flareon;Lucario Hariyama;0,0;0 - 4 - 0;4
Flareon;Tera Box;0,0;0 - 3 - 0;3
Flareon;Raging Bolt Ogerpon;0,0;0 - 3 - 0;3
Poison Latias;Gardevoir;75,0;3 - 1 - 0;4
Poison Latias;Raging Bolt Ogerpon;66,67;4 - 2 - 0;6
Poison Latias;Sharpedo Toxtricity;66,67;2 - 1 - 0;3
Poison Latias;Dragapult Charizard;50,0;2 - 2 - 1;5
Poison Latias;Lopunny Dusknoir;50,0;2 - 2 - 0;4
Poison Latias;Kangaskhan Bouffalant;50,0;2 - 2 - 0;4
Poison Latias;Dragapult Dusknoir;46,15;6 - 7 - 1;14
Poison Latias;Grimmsnarl Froslass;42,86;3 - 4 - 0;7
Poison Latias;Mega Absol Box;33,33;1 - 2 - 0;3
Poison Latias;Greninja;33,33;1 - 2 - 0;3
Poison Latias;N's Zoroark;30,77;4 - 9 - 1;14
Poison Latias;Gholdengo Lunatone;30,43;7 - 16 - 0;23
Poison Latias;Ceruledge;25,0;1 - 3 - 0;4
Poison Latias;Alakazam Dudunsparce;20,0;1 - 4 - 0;5
Poison Latias;Charizard Noctowl;20,0;1 - 4 - 0;5
Poison Latias;Charizard Pidgeot;14,29;1 - 6 - 0;7
Poison Latias;Gardevoir Jellicent;0,0;0 - 5 - 0;5
Poison Latias;Mega Venusaur;0,0;0 - 3 - 0;3
Mega Camerupt;Raging Bolt Ogerpon;75,0;3 - 1 - 0;4
Mega Camerupt;Tera Box;60,0;3 - 2 - 0;5
Mega Camerupt;Charizard Pidgeot;57,14;4 - 3 - 0;7
Mega Camerupt;Lopunny Dusknoir;50,0;2 - 2 - 0;4
Mega Camerupt;Mega Absol Box;44,44;4 - 5 - 0;9
Mega Camerupt;Dragapult Dusknoir;37,5;6 - 10 - 0;16
Mega Camerupt;Ceruledge;33,33;1 - 2 - 0;3
Mega Camerupt;Alakazam Dudunsparce;28,57;2 - 5 - 0;7
Mega Camerupt;Gholdengo Lunatone;25,0;4 - 12 - 1;17
Mega Camerupt;Gardevoir Jellicent;25,0;2 - 6 - 0;8
Mega Camerupt;Grimmsnarl Froslass;25,0;1 - 3 - 0;4
Mega Camerupt;N's Zoroark;16,67;1 - 5 - 0;6
Mega Camerupt;Charizard Noctowl;0,0;0 - 4 - 0;4
Mega Camerupt;Kangaskhan Bouffalant;0,0;0 - 3 - 0;3
Blaziken;Gardevoir;62,5;5 - 3 - 0;8
Blaziken;Gholdengo Lunatone;50,0;7 - 7 - 0;14
Blaziken;Ceruledge;50,0;2 - 2 - 0;4
Blaziken;Sharpedo Toxtricity;50,0;2 - 2 - 0;4
Blaziken;N's Zoroark;40,0;2 - 3 - 1;6
Blaziken;Grimmsnarl Froslass;40,0;2 - 3 - 0;5
Blaziken;Alakazam Dudunsparce;37,5;3 - 5 - 0;8
Blaziken;Gardevoir Jellicent;33,33;4 - 8 - 0;12
Blaziken;Tera Box;33,33;1 - 2 - 0;3
Blaziken;Charizard Pidgeot;30,0;3 - 7 - 0;10
Blaziken;Mega Absol Box;27,27;3 - 8 - 0;11
Blaziken;Dragapult Dusknoir;26,67;4 - 11 - 0;15
Blaziken;Charizard Noctowl;25,0;1 - 3 - 0;4
Blaziken;Raging Bolt Ogerpon;25,0;1 - 3 - 0;4
Blaziken;Kangaskhan Bouffalant;0,0;0 - 10 - 0;10
Blaziken;Lopunny Dusknoir;0,0;0 - 4 - 0;4
Ethan's Magcargo;Raging Bolt Ogerpon;75,0;3 - 1 - 0;4
Ethan's Magcargo;Mega Venusaur;75,0;3 - 1 - 0;4
Ethan's Magcargo;Sharpedo Toxtricity;66,67;2 - 1 - 0;3
Ethan's Magcargo;Greninja;66,67;2 - 1 - 0;3
Ethan's Magcargo;Dragapult Dusknoir;64,29;18 - 10 - 0;28
Ethan's Magcargo;Gholdengo Lunatone;63,64;7 - 4 - 0;11
Ethan's Magcargo;Ceruledge;60,0;3 - 2 - 0;5
Ethan's Magcargo;Mega Absol Box;50,0;4 - 4 - 0;8
Ethan's Magcargo;Lopunny Dusknoir;50,0;2 - 2 - 0;4
Ethan's Magcargo;Charizard Pidgeot;50,0;2 - 2 - 0;4
Ethan's Magcargo;Charizard Noctowl;50,0;2 - 2 - 0;4
Ethan's Magcargo;Grimmsnarl Froslass;44,44;4 - 5 - 0;9
Ethan's Magcargo;Dragapult Charizard;33,33;1 - 2 - 0;3
Ethan's Magcargo;Gardevoir Jellicent;25,0;1 - 3 - 0;4
Ethan's Magcargo;N's Zoroark;25,0;1 - 3 - 0;4
Ethan's Magcargo;Alakazam Dudunsparce;22,22;2 - 7 - 0;9
Ethan's Magcargo;Tera Box;20,0;1 - 4 - 0;5
Ethan's Magcargo;Gardevoir;16,67;1 - 5 - 0;6
Ethan's Magcargo;Kangaskhan Bouffalant;0,0;0 - 3 - 0;3
Blissey;Lopunny Dusknoir;66,67;2 - 1 - 0;3
Blissey;Lucario Hariyama;66,67;2 - 1 - 0;3
Blissey;Gardevoir Jellicent;62,5;5 - 3 - 0;8
Blissey;Dragapult Charizard;60,0;3 - 2 - 0;5
Blissey;Charizard Noctowl;57,14;4 - 3 - 0;7
Blissey;Dragapult Dusknoir;50,0;7 - 7 - 0;14
Blissey;Gardevoir;50,0;3 - 3 - 0;6
Blissey;Grimmsnarl Froslass;40,0;2 - 3 - 0;5
Blissey;N's Zoroark;33,33;1 - 2 - 0;3
Blissey;Charizard Pidgeot;33,33;1 - 2 - 0;3
Blissey;Mega Venusaur;33,33;1 - 2 - 0;3
Blissey;Raging Bolt Ogerpon;33,33;1 - 2 - 0;3
Blissey;Alakazam Dudunsparce;33,33;1 - 2 - 0;3
Blissey;Gholdengo Lunatone;26,32;5 - 14 - 0;19
Blissey;Kangaskhan Bouffalant;25,0;1 - 3 - 0;4
Blissey;Mega Absol Box;14,29;1 - 6 - 0;7
Blissey;Tera Box;0,0;0 - 5 - 0;5
Blissey;Greninja;0,0;0 - 3 - 0;3
Mamoswine;Raging Bolt Ogerpon;66,67;2 - 1 - 0;3
Mamoswine;Mega Absol Box;57,14;4 - 3 - 0;7
Mamoswine;N's Zoroark;50,0;4 - 4 - 0;8
Mamoswine;Alakazam Dudunsparce;50,0;4 - 4 - 0;8
Mamoswine;Charizard Noctowl;50,0;4 - 4 - 0;8
Mamoswine;Kangaskhan Bouffalant;42,86;3 - 4 - 0;7
Mamoswine;Lopunny Dusknoir;40,0;2 - 3 - 0;5
Mamoswine;Gardevoir Jellicent;40,0;2 - 3 - 0;5
Mamoswine;Charizard Pidgeot;40,0;2 - 3 - 0;5
Mamoswine;Mega Venusaur;33,33;1 - 2 - 0;3
Mamoswine;Gholdengo Lunatone;30,77;4 - 9 - 0;13
Mamoswine;Dragapult Dusknoir;22,22;4 - 14 - 0;18
Mamoswine;Gardevoir;14,29;1 - 6 - 0;7
Mamoswine;Grimmsnarl Froslass;0,0;0 - 5 - 0;5
Iron Thorns;N's Zoroark;75,0;3 - 1 - 0;4
Iron Thorns;Charizard Pidgeot;75,0;3 - 1 - 0;4
Iron Thorns;Lopunny Dusknoir;66,67;2 - 1 - 0;3
Iron Thorns;Gardevoir Jellicent;50,0;3 - 3 - 0;6
Iron Thorns;Mega Absol Box;50,0;3 - 3 - 0;6
Iron Thorns;Charizard Noctowl;50,0;3 - 3 - 0;6
Iron Thorns;Raging Bolt Ogerpon;50,0;2 - 2 - 0;4
Iron Thorns;Gholdengo Lunatone;38,46;5 - 8 - 0;13
Iron Thorns;Dragapult Dusknoir;33,33;3 - 6 - 0;9
Iron Thorns;Alakazam Dudunsparce;33,33;2 - 4 - 0;6
Iron Thorns;Grimmsnarl Froslass;33,33;2 - 4 - 0;6
Iron Thorns;Dragapult Charizard;0,0;0 - 4 - 0;4
Rocket's Porygon-Z;Alakazam Dudunsparce;80,0;4 - 1 - 0;5
Rocket's Porygon-Z;Ceruledge;60,0;3 - 2 - 0;5
Rocket's Porygon-Z;Mega Absol Box;57,14;4 - 3 - 0;7
Rocket's Porygon-Z;Lopunny Dusknoir;50,0;2 - 2 - 0;4
Rocket's Porygon-Z;Dragapult Dusknoir;33,33;4 - 8 - 0;12
Rocket's Porygon-Z;Gholdengo Lunatone;33,33;3 - 6 - 0;9
Rocket's Porygon-Z;Grimmsnarl Froslass;33,33;2 - 4 - 1;7
Rocket's Porygon-Z;Charizard Pidgeot;33,33;2 - 4 - 0;6
Rocket's Porygon-Z;Gardevoir;33,33;1 - 2 - 0;3
Rocket's Porygon-Z;Greninja;33,33;1 - 2 - 0;3
Rocket's Porygon-Z;Charizard Noctowl;33,33;1 - 2 - 0;3
Rocket's Porygon-Z;Dragapult Charizard;33,33;1 - 2 - 0;3
Rocket's Porygon-Z;Gardevoir Jellicent;0,0;0 - 7 - 0;7
Rocket's Porygon-Z;Kangaskhan Bouffalant;0,0;0 - 6 - 0;6
Tinkaton;Lucario Hariyama;100,0;3 - 0 - 0;3
Tinkaton;Tera Box;75,0;3 - 1 - 0;4
Tinkaton;Kangaskhan Bouffalant;75,0;3 - 1 - 0;4
Tinkaton;Dragapult Charizard;66,67;2 - 1 - 0;3
Tinkaton;Charizard Noctowl;60,0;3 - 2 - 0;5
Tinkaton;Gholdengo Lunatone;40,0;4 - 6 - 0;10
Tinkaton;Mega Absol Box;40,0;2 - 3 - 0;5
Tinkaton;Raging Bolt Ogerpon;40,0;2 - 3 - 0;5
Tinkaton;Grimmsnarl Froslass;33,33;3 - 6 - 0;9
Tinkaton;Lopunny Dusknoir;33,33;1 - 2 - 0;3
Tinkaton;Alakazam Dudunsparce;25,0;2 - 6 - 0;8
Tinkaton;Gardevoir Jellicent;25,0;1 - 3 - 1;5
Tinkaton;Mega Venusaur;25,0;1 - 3 - 0;4
Tinkaton;Dragapult Dusknoir;18,18;2 - 9 - 0;11
United Wings;Gholdengo Lunatone;50,0;3 - 3 - 0;6
United Wings;Kangaskhan Bouffalant;40,0;2 - 3 - 0;5
United Wings;Grimmsnarl Froslass;40,0;2 - 3 - 0;5
United Wings;Dragapult Dusknoir;33,33;3 - 6 - 0;9
United Wings;Raging Bolt Ogerpon;33,33;2 - 4 - 0;6
United Wings;Charizard Noctowl;33,33;2 - 4 - 0;6
United Wings;Gardevoir Jellicent;33,33;1 - 2 - 0;3
United Wings;Alakazam Dudunsparce;33,33;1 - 2 - 0;3
United Wings;Mega Absol Box;20,0;1 - 4 - 0;5
United Wings;Lopunny Dusknoir;0,0;0 - 3 - 0;3
Future Box;Charizard Pidgeot;100,0;4 - 0 - 0;4
Future Box;Ceruledge;66,67;2 - 1 - 0;3
Future Box;Alakazam Dudunsparce;66,67;2 - 1 - 0;3
Future Box;Grimmsnarl Froslass;62,5;5 - 3 - 0;8
Future Box;Mega Absol Box;55,56;5 - 4 - 0;9
Future Box;Kangaskhan Bouffalant;50,0;3 - 3 - 0;6
Future Box;Gholdengo Lunatone;46,15;6 - 7 - 0;13
Future Box;Dragapult Dusknoir;42,86;6 - 8 - 0;14
Future Box;Raging Bolt Ogerpon;33,33;1 - 2 - 0;3
Future Box;Charizard Noctowl;12,5;1 - 7 - 0;8
Future Box;Dragapult Charizard;0,0;0 - 4 - 0;4
Toedscruel;Mega Venusaur;100,0;5 - 0 - 0;5
Toedscruel;Gholdengo Lunatone;80,0;4 - 1 - 0;5
Toedscruel;Sharpedo Toxtricity;75,0;3 - 1 - 0;4
Toedscruel;Grimmsnarl Froslass;57,14;4 - 3 - 0;7
Toedscruel;Charizard Noctowl;50,0;2 - 2 - 0;4
Toedscruel;Kangaskhan Bouffalant;50,0;1 - 1 - 1;3
Toedscruel;Raging Bolt Ogerpon;40,0;2 - 3 - 0;5
Toedscruel;N's Zoroark;37,5;3 - 5 - 0;8
Toedscruel;Dragapult Charizard;33,33;1 - 2 - 0;3
Toedscruel;Greninja;33,33;1 - 2 - 0;3
Toedscruel;Dragapult Dusknoir;25,0;3 - 9 - 0;12
Toedscruel;Mega Absol Box;22,22;2 - 7 - 0;9
Toedscruel;Gardevoir Jellicent;0,0;0 - 4 - 0;4
Toedscruel;Lopunny Dusknoir;0,0;0 - 3 - 0;3
Gholdengo Typhlosion;Lopunny Dusknoir;100,0;4 - 0 - 0;4
Gholdengo Typhlosion;Dragapult Charizard;100,0;3 - 0 - 0;3
Gholdengo Typhlosion;N's Zoroark;100,0;3 - 0 - 0;3
Gholdengo Typhlosion;Kangaskhan Bouffalant;71,43;5 - 2 - 0;7
Gholdengo Typhlosion;Mega Absol Box;66,67;2 - 1 - 0;3
Gholdengo Typhlosion;Gholdengo Lunatone;50,0;6 - 6 - 0;12
Gholdengo Typhlosion;Gardevoir Jellicent;50,0;3 - 3 - 0;6
Gholdengo Typhlosion;Raging Bolt Ogerpon;50,0;2 - 2 - 0;4
Gholdengo Typhlosion;Charizard Noctowl;42,86;3 - 4 - 0;7
Gholdengo Typhlosion;Alakazam Dudunsparce;37,5;3 - 5 - 0;8
Gholdengo Typhlosion;Dragapult Dusknoir;33,33;3 - 6 - 0;9
Gholdengo Typhlosion;Charizard Pidgeot;33,33;1 - 2 - 0;3
Gholdengo Typhlosion;Sharpedo Toxtricity;33,33;1 - 2 - 0;3
Gholdengo Typhlosion;Grimmsnarl Froslass;0,0;0 - 3 - 0;3
Gholdengo Typhlosion;Ceruledge;0,0;0 - 3 - 0;3
Mega Manectric;Mega Absol Box;80,0;4 - 1 - 0;5
Mega Manectric;Gardevoir Jellicent;66,67;2 - 1 - 0;3
Mega Manectric;Charizard Noctowl;37,5;3 - 5 - 0;8
Mega Manectric;Dragapult Dusknoir;33,33;4 - 8 - 0;12
Mega Manectric;Tera Box;33,33;1 - 2 - 0;3
Mega Manectric;Gholdengo Lunatone;25,0;2 - 6 - 0;8
Mega Manectric;N's Zoroark;0,0;0 - 3 - 0;3
Mega Manectric;Grimmsnarl Froslass;0,0;0 - 3 - 0;3
Azumarill;Gholdengo Lunatone;100,0;5 - 0 - 0;5
Azumarill;Charizard Noctowl;100,0;5 - 0 - 0;5
Azumarill;N's Zoroark;66,67;2 - 1 - 0;3
Azumarill;Dragapult Dusknoir;36,36;4 - 7 - 1;12
Azumarill;Alakazam Dudunsparce;33,33;1 - 2 - 0;3
Azumarill;Lopunny Dusknoir;33,33;1 - 2 - 0;3
Azumarill;Tera Box;33,33;1 - 2 - 0;3
Azumarill;Mega Absol Box;33,33;1 - 2 - 0;3
Azumarill;Mega Venusaur;33,33;1 - 2 - 0;3
Azumarill;Gardevoir Jellicent;22,22;2 - 7 - 1;10
Azumarill;Gardevoir;0,0;0 - 5 - 1;6
Azumarill;Grimmsnarl Froslass;0,0;0 - 6 - 0;6
Azumarill;Raging Bolt Ogerpon;0,0;0 - 2 - 1;3
Azumarill;Kangaskhan Bouffalant;0,0;0 - 3 - 0;3
Roaring Moon Dudunsparce;Charizard Noctowl;75,0;3 - 1 - 0;4
Roaring Moon Dudunsparce;Charizard Pidgeot;66,67;2 - 1 - 0;3
Roaring Moon Dudunsparce;N's Zoroark;66,67;2 - 1 - 0;3
Roaring Moon Dudunsparce;Dragapult Charizard;66,67;2 - 1 - 0;3
Roaring Moon Dudunsparce;Alakazam Dudunsparce;60,0;3 - 2 - 0;5
Roaring Moon Dudunsparce;Gholdengo Lunatone;45,45;5 - 6 - 0;11
Roaring Moon Dudunsparce;Dragapult Dusknoir;28,57;2 - 5 - 0;7
Roaring Moon Dudunsparce;Greninja;0,0;0 - 3 - 0;3
Roaring Moon Dudunsparce;Mega Absol Box;0,0;0 - 3 - 0;3
Miraidon Eelektrik;Ceruledge;66,67;2 - 1 - 0;3
Miraidon Eelektrik;Gardevoir Jellicent;60,0;3 - 2 - 0;5
Miraidon Eelektrik;Dragapult Dusknoir;55,56;5 - 4 - 0;9
Miraidon Eelektrik;Gholdengo Lunatone;50,0;2 - 2 - 0;4
Miraidon Eelektrik;Lopunny Dusknoir;50,0;2 - 2 - 0;4
Miraidon Eelektrik;Alakazam Dudunsparce;28,57;2 - 5 - 0;7
Miraidon Eelektrik;Kangaskhan Bouffalant;0,0;0 - 4 - 0;4
Miraidon Eelektrik;Mega Absol Box;0,0;0 - 3 - 0;3
Mega Sharpedo;Mega Absol Box;75,0;3 - 1 - 0;4
Mega Sharpedo;Dragapult Dusknoir;50,0;3 - 3 - 0;6
Mega Sharpedo;Gardevoir Jellicent;50,0;2 - 2 - 0;4
Mega Sharpedo;Charizard Noctowl;50,0;2 - 2 - 0;4
Mega Sharpedo;Charizard Pidgeot;33,33;2 - 4 - 0;6
Mega Sharpedo;Ceruledge;20,0;1 - 4 - 0;5
Mega Sharpedo;Gholdengo Lunatone;16,67;1 - 5 - 0;6
Mega Sharpedo;Kangaskhan Bouffalant;0,0;0 - 4 - 1;5
Mega Sharpedo;Raging Bolt Ogerpon;0,0;0 - 3 - 0;3
Charizard Dragapult;Charizard Pidgeot;66,67;6 - 3 - 0;9
Charizard Dragapult;Gholdengo Lunatone;50,0;3 - 3 - 0;6
Charizard Dragapult;Gardevoir Jellicent;50,0;2 - 2 - 0;4
Charizard Dragapult;Dragapult Dusknoir;41,67;5 - 7 - 1;13
Charizard Dragapult;Kangaskhan Bouffalant;33,33;1 - 2 - 0;3
Charizard Dragapult;Charizard Noctowl;25,0;1 - 3 - 0;4
Charizard Dragapult;Grimmsnarl Froslass;0,0;0 - 3 - 0;3
Lopunny Dudunsparce;Alakazam Dudunsparce;100,0;3 - 0 - 0;3
Lopunny Dudunsparce;Charizard Noctowl;80,0;4 - 1 - 0;5
Lopunny Dudunsparce;Mega Venusaur;66,67;2 - 1 - 0;3
Lopunny Dudunsparce;Raging Bolt Ogerpon;60,0;3 - 2 - 0;5
Lopunny Dudunsparce;Kangaskhan Bouffalant;60,0;3 - 2 - 0;5
Lopunny Dudunsparce;Gardevoir Jellicent;50,0;3 - 3 - 0;6
Lopunny Dudunsparce;N's Zoroark;40,0;2 - 3 - 0;5
Lopunny Dudunsparce;Gholdengo Lunatone;33,33;3 - 6 - 0;9
Lopunny Dudunsparce;Dragapult Dusknoir;12,5;1 - 7 - 0;8
Lopunny Dudunsparce;Charizard Pidgeot;0,0;0 - 4 - 1;5
Lopunny Dudunsparce;Grimmsnarl Froslass;0,0;0 - 3 - 0;3
Lopunny Dudunsparce;Lopunny Dusknoir;0,0;0 - 3 - 0;3
